<?xml version="1.0" encoding="UTF-8"?>
<window type="dialog" id="1103">
    <defaultcontrol always="true">5000</defaultcontrol>
    <include>DialogOpenClose</include>
    <controls>
        <include>DimBG</include>
        <control type="group">
            <include condition="Skin.HasSetting(BlackGlassMode)+!Skin.HasSetting(DisableSlidingAnimations)">OpenCloseSlideRight</include>
            <posx>515</posx>
            <posy>310</posy>
            <include content="WindowClosingButton">
                <param name="id" value="0"/>
                <param name="x" value="840"/>
                <param name="y" value="-4"/>
            </include>
            <control type="image">
                <posx>0</posx>
                <posy>0</posy>
                <width>890</width>
                <height>459</height>
                <texture border="90">common/bg_dialog.png</texture>
            </control>
            <control type="label">
                <posx>90</posx>
                <posy>55</posy>
                <width>710</width>
                <height>100</height>
                <align>center</align>
                <font>InfoTitleFont</font>
                <textcolor>MainColor</textcolor>
                <label>$LOCALIZE[20094]</label>
            </control>
            <control type="image">
                <posx>45</posx>
                <posy>75</posy>
                <width>800</width>
                <height>79</height>
                <texture>list/bg_facade_nofocus_top.png</texture>
            </control>
            <control type="grouplist" id="5000">
                <posx>45</posx>
                <posy>154</posy>
                <width>800</width>
                <height>219</height>
                <onup>5000</onup>
                <ondown>5000</ondown>
                <onleft>5000</onleft>
                <onright>5000</onright>
                <itemgap>0</itemgap>
                <defaultcontrol always="true">701</defaultcontrol>
                <control type="button" id="701">
                    <width>800</width>
                    <include>LeftMenuButton</include>
                    <label>$LOCALIZE[3]</label>
                    <onclick>Dialog.Close(all)</onclick>
                    <onclick>ActivateWindow(Videos,Files,return)</onclick>
                </control>
                <control type="button" id="702">
                    <width>800</width>
                    <include>LeftMenuButton</include>
                    <label>$LOCALIZE[2]</label>
                    <onclick>Dialog.Close(all)</onclick>
                    <onclick>ActivateWindow(Music,Files,return)</onclick>
                </control>
                <control type="button" id="703">
                    <width>800</width>
                    <include>LeftMenuButton</include>
                    <label>$LOCALIZE[1]</label>
                    <onclick>Dialog.Close(all)</onclick>
                    <onclick>ActivateWindow(pictures,root)</onclick>
                </control>
            </control>
        </control>
    </controls>
</window>
