<?xml version="1.0" encoding="utf-8"?>
<window>
    <defaultcontrol always="true">9</defaultcontrol>
    <include>DialogOpenClose</include>
    <controls>
        <include>DimBG</include>
        <control type="group">
            <include condition="Skin.HasSetting(BlackGlassMode)+!Skin.HasSetting(DisableSlidingAnimations)">OpenCloseSlideRight</include>
            <posy>-215</posy>
            <include content="WindowClosingButton">
                <param name="id" value="0"/>
                <param name="x" value="1737"/>
                <param name="y" value="240"/>
            </include>
            <control type="image">
                <posx>133</posx>
                <posy>244</posy>
                <width>1654</width>
                <height>1021</height>
                <texture border="90">common/bg_dialog.png</texture>
            </control>
            <control type="image">
                <posx>178</posx>
                <posy>292</posy>
                <width>1564</width>
                <height>90</height>
                <texture border="3">list/bg_facade_nofocus_top.png</texture>
            </control>
            <control type="label" id="20">
                <posx>223</posx>
                <posy>323</posy>
                <height>36</height>
                <width>1474</width>
                <align>center</align>
                <font>InfoTitleFont</font>
                <textcolor>MainColor</textcolor>
            </control>
            <control type="image">
                <posx>1309</posx>
                <posy>382</posy>
                <width>2</width>
                <height>728</height>
                <texture>list/bg_facade_vertical.png</texture>
            </control>
            <control type="image">
                <posx>1309</posx>
                <posy>382</posy>
                <height>728</height>
                <width>375</width>
                <texture flipx="true">list/bg_strip_horizontal_left.png</texture>
                <colordiffuse>90ffffff</colordiffuse>
            </control>
            <control type="grouplist" id="9">
                <posx>1309</posx>
                <posy>382</posy>
                <width>433</width>
                <height>438</height>
                <itemgap>0</itemgap>
                <orientation>vertical</orientation>
                <onleft>2</onleft>
                <onright>61</onright>
                <onup>9001</onup>
                <ondown>9001</ondown>
                <pagecontrol>61</pagecontrol>
            </control>
            <control type="button" id="13">
                <width>433</width>
                <height>73</height>
                <include>LeftMenuButton</include>
            </control>
            <control type="scrollbar" id="61">
                <posx>1711</posx>
                <posy>382</posy>
                <height>438</height>
                <onleft>9</onleft>
                <onright>9</onright>
                <include>VerticalScroller</include>
            </control>
            <control type="grouplist" id="2">
                <posx>178</posx>
                <posy>382</posy>
                <width>1131</width>
                <height>728</height>
                <itemgap>0</itemgap>
                <pagecontrol>60</pagecontrol>
                <onup>9001</onup>
                <ondown>9001</ondown>
                <onleft>60</onleft>
                <onright>9</onright>
            </control>
            <control type="button" id="3">
                <width>1131</width>
                <height>73</height>
                <include>LeftMenuButton</include>
            </control>
            <control type="radiobutton" id="4">
                <width>1131</width>
                <height>73</height>
                <radioposx>1028</radioposx>
                <textwidth>970</textwidth>
                <include>LeftMenuButton</include>
            </control>
            <control type="spincontrolex" id="5">
                <width>1131</width>
                <height>73</height>
                <include>LeftMenuButton</include>
                <reverse>yes</reverse>
            </control>
            <control type="image" id="6">
                <description>Default Seperator</description>
                <height>8</height>
                <texture>list/bg_facade_separator.png</texture>
            </control>
            <control type="label" id="7">
                <description>separator label headline</description>
                <textoffsetx>TextMargin</textoffsetx>
                <height>73</height>
                <width>1041</width>
            </control>
            <control type="sliderex" id="8">
                <width>1131</width>
                <height>73</height>
                <include>LeftMenuButton</include>
            </control>
            <control type="scrollbar" id="60">
                <posx>1278</posx>
                <posy>382</posy>
                <height>730</height>
                <onleft>2</onleft>
                <onright>2</onright>
                <include>VerticalScroller</include>
            </control>
            <control type="image">
                <posx>178</posx>
                <posy>1033</posy>
                <width>1564</width>
                <height>79</height>
                <texture>list/bg_facade_nofocus_top.png</texture>
            </control>
            <control type="grouplist" id="9001">
                <posx>178</posx>
                <posy>1119</posy>
                <width>1564</width>
                <height>90</height>
                <itemgap>30</itemgap>
                <aligny>bottom</aligny>
                <align>center</align>
                <orientation>horizontal</orientation>
                <onup>2</onup>
                <ondown>2</ondown>
                <onleft>9001</onleft>
                <onright>9001</onright>
                <control type="button" id="10">
                    <label>$LOCALIZE[186]</label>
                </control>
                <control type="button" id="11">
                    <label>$LOCALIZE[222]</label>
                </control>
                <control type="button" id="12">
                    <label>$LOCALIZE[409]</label>
                </control>
            </control>
        </control>
    </controls>
</window>
