<?xml version="1.0" encoding="utf-8"?>
<window>
    <defaultcontrol always="true">20</defaultcontrol>
    <backgroundcolor>0</backgroundcolor>
    <include condition="!Skin.HasSetting(BlackGlassMode)|Skin.HasSetting(DisableSlidingAnimations)">OpenClose</include>
    <controls>
        <include>Fanart_Art</include>
        <include>Player_Show</include>
        <include>Time</include>
        <control type="label">
            <include condition="Skin.HasSetting(BlackGlassMode)+!Skin.HasSetting(DisableSlidingAnimations)">OpenCloseSlideRight</include>
            <include>WindowTitle</include>
            <label>$LOCALIZE[5]</label>
        </control>
        <control type="label">
            <include condition="Skin.HasSetting(BlackGlassMode)+!Skin.HasSetting(DisableSlidingAnimations)">OpenCloseSlideRight</include>
            <include>WindowTitleSub</include>
            <label>$LOCALIZE[7]</label>
        </control>
        <control type="group">
            <include condition="Skin.HasSetting(BlackGlassMode)+!Skin.HasSetting(DisableSlidingAnimations)">OpenCloseSlideRight</include>
            <posy>-10</posy>
            <control type="image">
                <posx>3</posx>
                <posy>84</posy>
                <width>954</width>
                <height>1000</height>
                <texture border="90">common/bg_dialog.png</texture>
            </control>
            <control type="image">
                <posx>48</posx>
                <posy>159</posy>
                <width>864</width>
                <height>79</height>
                <texture>list/bg_facade_nofocus_top.png</texture>
            </control>
            <control type="label" id="101">
                <posx>93</posx>
                <posy>138</posy>
                <height>100</height>
                <width>774</width>
                <align>center</align>
                <font>InfoTitleFont</font>
                <textcolor>MainColor</textcolor>
            </control>
            <control type="panel" id="20">
                <posx>48</posx>
                <posy>238</posy>
                <width>864</width>
                <height>730</height>
                <onleft>60</onleft>
                <onright>21</onright>
                <onup>20</onup>
                <ondown>20</ondown>
                <pagecontrol>60</pagecontrol>
                <itemlayout height="73" width="864">
                    <control type="image">
                        <posx>0</posx>
                        <posy>0</posy>
                        <height>73</height>
                        <width>864</width>
                        <texture border="3">list/bg_facade_nofocus.png</texture>
                    </control>
                    <control type="image">
                        <posx>15</posx>
                        <posy>0</posy>
                        <width>73</width>
                        <height>73</height>
                        <include>SquareThumb</include>
                        <colordiffuse>NoFocusedColor</colordiffuse>
                    </control>
                    <control type="label">
                        <visible>String.IsEmpty(ListItem.Label2)</visible>
                        <posx>100</posx>
                        <height>71</height>
                        <width>720</width>
                        <font>FacadeListMainFont</font>
                        <textcolor>ListNoFocusColor</textcolor>
                        <label>$INFO[ListItem.Label]</label>
                        <scroll>false</scroll>
                    </control>
                    <control type="label">
                        <visible>!String.IsEmpty(ListItem.Label2)</visible>
                        <posx>100</posx>
                        <height>42</height>
                        <width>720</width>
                        <font>FacadeListMainFont</font>
                        <textcolor>ListNoFocusColor</textcolor>
                        <label>$INFO[ListItem.Label]</label>
                        <scroll>false</scroll>
                    </control>
                    <control type="label">
                        <visible>!String.IsEmpty(ListItem.Label2)</visible>
                        <posx>100</posx>
                        <posy>39</posy>
                        <height>28</height>
                        <width>720</width>
                        <font>FacadeListSubFont</font>
                        <textcolor>SublistNoFocusColor</textcolor>
                        <label>$INFO[ListItem.Label2]</label>
                        <scroll>false</scroll>
                    </control>
                </itemlayout>
                <focusedlayout height="73" width="864">
                    <control type="image">
                        <posx>0</posx>
                        <posy>0</posy>
                        <height>73</height>
                        <width>864</width>
                        <include>FacadeFocus</include>
                    </control>
                    <control type="image">
                        <posx>15</posx>
                        <posy>0</posy>
                        <width>73</width>
                        <height>73</height>
                        <include>SquareThumb</include>
                    </control>
                    <control type="label">
                        <visible>String.IsEmpty(ListItem.Label2)</visible>
                        <posx>100</posx>
                        <height>71</height>
                        <width>720</width>
                        <font>FacadeListMainFont</font>
                        <textcolor>ListFocusColor</textcolor>
                        <label>$INFO[ListItem.Label]</label>
                    </control>
                    <control type="label">
                        <visible>!String.IsEmpty(ListItem.Label2)</visible>
                        <posx>100</posx>
                        <height>42</height>
                        <width>720</width>
                        <font>FacadeListMainFont</font>
                        <textcolor>ListFocusColor</textcolor>
                        <label>$INFO[ListItem.Label]</label>
                    </control>
                    <control type="label">
                        <visible>!String.IsEmpty(ListItem.Label2)</visible>
                        <posx>100</posx>
                        <posy>39</posy>
                        <height>28</height>
                        <width>720</width>
                        <font>FacadeListSubFont</font>
                        <textcolor>SublistFocusColor</textcolor>
                        <label>$INFO[ListItem.Label2]</label>
                    </control>
                </focusedlayout>
            </control>
            <control type="scrollbar" id="60">
                <posx>881</posx>
                <posy>238</posy>
                <height>730</height>
                <include>VerticalScroller</include>
                <onright>20</onright>
                <onleft>20</onleft>
            </control>
            <control type="image">
                <visible>!Integer.IsGreater(Container(20).NumItems,9)</visible>
                <posx>48</posx>
                <posy>895</posy>
                <width>864</width>
                <height>73</height>
                <texture border="3">list/bg_facade_nofocus_top.png</texture>
            </control>
            <control type="label" id="12">
                <posx>867</posx>
                <posy>968</posy>
                <width>594</width>
                <height>68</height>
                <align>right</align>
                <font>FacadeNumItemsFont</font>
                <textcolor>FacadeNumItemsColor</textcolor>
            </control>
        </control>
        <control type="group">
            <include condition="Skin.HasSetting(BlackGlassMode)+!Skin.HasSetting(DisableSlidingAnimations)">OpenCloseSlideRight</include>
            <posx>960</posx>
            <posy>-10</posy>
            <control type="image">
                <posx>3</posx>
                <posy>84</posy>
                <width>954</width>
                <height>1000</height>
                <texture border="90">common/bg_dialog.png</texture>
            </control>
            <control type="image">
                <posx>48</posx>
                <posy>159</posy>
                <width>864</width>
                <height>79</height>
                <texture>list/bg_facade_nofocus_top.png</texture>
            </control>
            <control type="label" id="102">
                <posx>93</posx>
                <posy>138</posy>
                <height>100</height>
                <width>774</width>
                <align>center</align>
                <font>InfoTitleFont</font>
                <textcolor>MainColor</textcolor>
            </control>
            <control type="panel" id="21">
                <posx>48</posx>
                <posy>238</posy>
                <width>864</width>
                <height>730</height>
                <onleft>20</onleft>
                <onright>61</onright>
                <onup>21</onup>
                <ondown>21</ondown>
                <pagecontrol>61</pagecontrol>
                <itemlayout height="73" width="864">
                    <control type="image">
                        <posx>0</posx>
                        <posy>0</posy>
                        <height>73</height>
                        <width>864</width>
                        <texture border="3">list/bg_facade_nofocus.png</texture>
                    </control>
                    <control type="image">
                        <posx>15</posx>
                        <posy>0</posy>
                        <width>73</width>
                        <height>73</height>
                        <include>SquareThumb</include>
                        <colordiffuse>NoFocusedColor</colordiffuse>
                    </control>
                    <control type="label">
                        <visible>String.IsEmpty(ListItem.Label2)</visible>
                        <posx>100</posx>
                        <height>71</height>
                        <width>720</width>
                        <font>FacadeListMainFont</font>
                        <textcolor>ListNoFocusColor</textcolor>
                        <label>$INFO[ListItem.Label]</label>
                    </control>
                    <control type="label">
                        <visible>!String.IsEmpty(ListItem.Label2)</visible>
                        <posx>100</posx>
                        <height>42</height>
                        <width>720</width>
                        <font>FacadeListMainFont</font>
                        <textcolor>ListNoFocusColor</textcolor>
                        <label>$INFO[ListItem.Label]</label>
                    </control>
                    <control type="label">
                        <visible>!String.IsEmpty(ListItem.Label2)</visible>
                        <posx>100</posx>
                        <posy>39</posy>
                        <height>28</height>
                        <width>720</width>
                        <font>FacadeListSubFont</font>
                        <textcolor>SublistNoFocusColor</textcolor>
                        <label>$INFO[ListItem.Label2]</label>
                    </control>
                </itemlayout>
                <focusedlayout height="73" width="864">
                    <control type="image">
                        <posx>0</posx>
                        <posy>0</posy>
                        <height>73</height>
                        <width>864</width>
                        <include>FacadeFocus</include>
                    </control>
                    <control type="image">
                        <posx>15</posx>
                        <posy>0</posy>
                        <width>73</width>
                        <height>73</height>
                        <include>SquareThumb</include>
                    </control>
                    <control type="label">
                        <visible>String.IsEmpty(ListItem.Label2)</visible>
                        <posx>100</posx>
                        <height>71</height>
                        <width>720</width>
                        <font>FacadeListMainFont</font>
                        <textcolor>ListFocusColor</textcolor>
                        <label>$INFO[ListItem.Label]</label>
                    </control>
                    <control type="label">
                        <visible>!String.IsEmpty(ListItem.Label2)</visible>
                        <posx>100</posx>
                        <height>42</height>
                        <width>720</width>
                        <font>FacadeListMainFont</font>
                        <textcolor>ListFocusColor</textcolor>
                        <label>$INFO[ListItem.Label]</label>
                    </control>
                    <control type="label">
                        <visible>!String.IsEmpty(ListItem.Label2)</visible>
                        <posx>100</posx>
                        <posy>39</posy>
                        <height>28</height>
                        <width>720</width>
                        <font>FacadeListSubFont</font>
                        <textcolor>SublistFocusColor</textcolor>
                        <label>$INFO[ListItem.Label2]</label>
                    </control>
                </focusedlayout>
            </control>
            <control type="scrollbar" id="61">
                <posx>881</posx>
                <posy>238</posy>
                <height>730</height>
                <include>VerticalScroller</include>
                <onleft>21</onleft>
                <onright>21</onright>
            </control>
            <control type="image">
                <visible>!Integer.IsGreater(Container(21).NumItems,9)</visible>
                <posx>48</posx>
                <posy>895</posy>
                <width>864</width>
                <height>73</height>
                <texture border="3">list/bg_facade_nofocus_top.png</texture>
            </control>
            <control type="label" id="13">
                <posx>867</posx>
                <posy>968</posy>
                <width>594</width>
                <height>68</height>
                <align>right</align>
                <font>FacadeNumItemsFont</font>
                <textcolor>FacadeNumItemsColor</textcolor>
            </control>
        </control>
    </controls>
</window>
