<?xml version="1.0" encoding="utf-8"?>
<includes>
    <include name="PVROSDChannelListSmall">
        <control type="group">
            <include condition="Skin.HasSetting(BlackGlassMode)+!Skin.HasSetting(DisableSlidingAnimations)">OpenCloseSlideRight</include>
            <include content="WindowClosingButton">
                <param name="id" value="9001"/>
                <param name="x" value="1635"/>
                <param name="y" value="487"/>
            </include>
            <control type="image">
                <posx>233</posx>
                <posy>483</posy>
                <width>1454</width>
                <height>515</height>
                <texture border="90">common/bg_dialog.png</texture>
            </control>
            <control type="image">
                <posx>278</posx>
                <posy>531</posy>
                <width>1364</width>
                <height>90</height>
                <texture border="3">list/bg_facade_nofocus_top.png</texture>
            </control>
            <control type="label">
                <posx>381</posx>
                <posy>562</posy>
                <height>36</height>
                <width>1000</width>
                <font>InfoTitleFont</font>
                <textcolor>MainColor</textcolor>
                <label>$INFO[VideoPlayer.ChannelGroup]</label>
            </control>
            <control type="label">
                <posx>1570</posx>
                <posy>561</posy>
                <height>36</height>
                <width>530</width>
                <font>OSDFont</font>
                <align>right</align>
                <textcolor>MainColor</textcolor>
                <label>$INFO[System.Time]</label>
            </control>
            <control type="image">
                <posx>1577</posx>
                <posy>562</posy>
                <width>36</width>
                <height>36</height>
                <texture>common/time.png</texture>
            </control>
            <control type="list" id="11">
                <posx>278</posx>
                <posy>621</posy>
                <width>1364</width>
                <height>292</height>
                <!-- <onleft>61</onleft> -->
                <onleft>PreviousChannelGroup</onleft>
                <onright>61</onright>
                <onup>11</onup>
                <ondown>11</ondown>
                <pagecontrol>61</pagecontrol>
                <scrolltime tween="sine" easing="inout">280</scrolltime>
                <itemlayout height="73">
                    <control type="image">
                        <posx>0</posx>
                        <posy>0</posy>
                        <height>73</height>
                        <width>1364</width>
                        <texture border="3">list/bg_facade_nofocus.png</texture>
                    </control>
                    <include content="ProgressBar">
                        <param name="id" value="0"/>
                        <param name="visible" value="!ListItem.IsRecording"/>
                        <param name="x" value="0"/>
                        <param name="y" value="-37"/>
                        <param name="width" value="1364"/>
                        <param name="height" value="73"/>
                        <param name="texturebg" value="-"/>
                        <param name="gfx" value="OSD/osd_progress_mid.png"/>
                        <param name="border" value="0"/>
                        <param name="borderbg" value="0"/>
                        <param name="coldiffbg" value="ffffffff"/>
                        <param name="colordiffuse" value="NoFocusedProgressColor"/>
                        <param name="info" value="ListItem.Progress"/>
                        <param name="reveal" value="true"/>
                    </include>
                    <include content="ProgressBar">
                        <param name="id" value="0"/>
                        <param name="visible" value="ListItem.IsRecording"/>
                        <param name="x" value="0"/>
                        <param name="y" value="-37"/>
                        <param name="width" value="1364"/>
                        <param name="height" value="73"/>
                        <param name="texturebg" value="-"/>
                        <param name="gfx" value="OSD/osd_progress_mid_red.png"/>
                        <param name="border" value="0"/>
                        <param name="borderbg" value="0"/>
                        <param name="coldiffbg" value="ffffffff"/>
                        <param name="colordiffuse" value="NoFocusedProgressColor"/>
                        <param name="info" value="ListItem.Progress"/>
                        <param name="reveal" value="true"/>
                    </include>
                    <control type="image">
                        <posx>1339</posx>
                        <posy>11</posy>
                        <width>25</width>
                        <height>50</height>
                        <texture>OverlayRecordingHalf.png</texture>
                        <aspectratio>keep</aspectratio>
                        <colordiffuse>NoFocusedColor</colordiffuse>
                        <visible>ListItem.IsRecording</visible>
                    </control>
                    <control type="image">
                        <posx>1339</posx>
                        <posy>11</posy>
                        <width>25</width>
                        <height>50</height>
                        <texture>OverlayTimerHalf.png</texture>
                        <aspectratio>keep</aspectratio>
                        <colordiffuse>NoFocusedColor</colordiffuse>
                        <visible>ListItem.HasTimer</visible>
                    </control>
                    <control type="image">
                        <posx>15</posx>
                        <height>71</height>
                        <width>73</width>
                        <texture background="true" fallback="defaultChannelTvBig.png">$INFO[ListItem.Icon]</texture>
                        <colordiffuse>NoFocusedColor</colordiffuse>
                        <aspectratio>keep</aspectratio>
                    </control>
                    <control type="label">
                        <visible>ListItem.HasEpg</visible>
                        <posx>103</posx>
                        <height>42</height>
                        <width>1220</width>
                        <font>FacadeListMainFont</font>
                        <textcolor>ListNoFocusColor</textcolor>
                        <label>$INFO[ListItem.StartTime]  •  $INFO[ListItem.Title]</label>
                        <scroll>false</scroll>
                    </control>
                    <control type="label">
                        <visible>ListItem.HasEpg</visible>
                        <posx>103</posx>
                        <posy>39</posy>
                        <height>28</height>
                        <width>1220</width>
                        <font>FacadeListSubFont</font>
                        <textcolor>SublistNoFocusColor</textcolor>
                        <label>$INFO[ListItem.EndTime]  •  $INFO[ListItem.ChannelNumberLabel]  •  $INFO[ListItem.Label]</label>
                        <scroll>false</scroll>
                    </control>
                    <control type="label">
                        <visible>!ListItem.HasEpg</visible>
                        <posx>103</posx>
                        <height>71</height>
                        <width>1220</width>
                        <font>FacadeListMainFont</font>
                        <textcolor>ListNoFocusColor</textcolor>
                        <label>$INFO[ListItem.Label]</label>
                        <scroll>false</scroll>
                    </control>
                </itemlayout>
                <focusedlayout height="73">
                    <control type="image">
                        <posx>0</posx>
                        <posy>0</posy>
                        <height>73</height>
                        <width>1364</width>
                        <include>FacadeFocus</include>
                    </control>
                    <include content="ProgressBar">
                        <param name="id" value="0"/>
                        <param name="visible" value="!ListItem.IsRecording"/>
                        <param name="x" value="0"/>
                        <param name="y" value="-37"/>
                        <param name="width" value="1364"/>
                        <param name="height" value="73"/>
                        <param name="texturebg" value="-"/>
                        <param name="gfx" value="OSD/osd_progress_mid.png"/>
                        <param name="border" value="0"/>
                        <param name="borderbg" value="0"/>
                        <param name="coldiffbg" value="ffffffff"/>
                        <param name="colordiffuse" value="FocusedProgressColor"/>
                        <param name="info" value="ListItem.Progress"/>
                        <param name="reveal" value="true"/>
                    </include>
                    <include content="ProgressBar">
                        <param name="id" value="0"/>
                        <param name="visible" value="ListItem.IsRecording"/>
                        <param name="x" value="0"/>
                        <param name="y" value="-37"/>
                        <param name="width" value="1364"/>
                        <param name="height" value="73"/>
                        <param name="texturebg" value="-"/>
                        <param name="gfx" value="OSD/osd_progress_mid_red.png"/>
                        <param name="border" value="0"/>
                        <param name="borderbg" value="0"/>
                        <param name="coldiffbg" value="ffffffff"/>
                        <param name="colordiffuse" value="FocusedProgressColor"/>
                        <param name="info" value="ListItem.Progress"/>
                        <param name="reveal" value="true"/>
                    </include>
                    <control type="image">
                        <posx>1339</posx>
                        <posy>11</posy>
                        <width>25</width>
                        <height>50</height>
                        <texture>OverlayRecordingHalf.png</texture>
                        <aspectratio>keep</aspectratio>
                        <visible>ListItem.IsRecording</visible>
                    </control>
                    <control type="image">
                        <posx>1339</posx>
                        <posy>11</posy>
                        <width>25</width>
                        <height>50</height>
                        <texture>OverlayTimerHalf.png</texture>
                        <aspectratio>keep</aspectratio>
                        <visible>ListItem.HasTimer</visible>
                    </control>
                    <control type="image">
                        <posx>15</posx>
                        <height>71</height>
                        <width>73</width>
                        <texture background="true" fallback="defaultChannelTvBig.png">$INFO[ListItem.Icon]</texture>
                        <aspectratio>keep</aspectratio>
                    </control>
                    <control type="label">
                        <visible>ListItem.HasEpg</visible>
                        <posx>103</posx>
                        <height>42</height>
                        <width>1220</width>
                        <font>FacadeListMainFont</font>
                        <textcolor>ListFocusColor</textcolor>
                        <label>$INFO[ListItem.StartTime]  •  $INFO[ListItem.Title]</label>
                        <scroll>false</scroll>
                    </control>
                    <control type="label">
                        <visible>ListItem.HasEpg</visible>
                        <posx>103</posx>
                        <posy>39</posy>
                        <height>28</height>
                        <width>1220</width>
                        <font>FacadeListSubFont</font>
                        <textcolor>SublistFocusColor</textcolor>
                        <label>$INFO[ListItem.EndTime]  •  $INFO[ListItem.ChannelNumberLabel]  •  $INFO[ListItem.Label]</label>
                        <scroll>false</scroll>
                    </control>
                    <control type="label">
                        <visible>!ListItem.HasEpg</visible>
                        <posx>103</posx>
                        <height>71</height>
                        <width>1220</width>
                        <font>FacadeListMainFont</font>
                        <textcolor>ListFocusColor</textcolor>
                        <label>$INFO[ListItem.Label]</label>
                        <scroll>false</scroll>
                    </control>
                </focusedlayout>
            </control>
            <control type="scrollbar" id="61">
                <posx>1611</posx>
                <posy>621</posy>
                <height>292</height>
                <include>VerticalScroller</include>
                <ondown>61</ondown>
                <onup>61</onup>
                <onleft>11</onleft>
                <onright>NextChannelGroup</onright>
            </control>
        </control>
    </include>
    <include name="PVROSDChannelListBig">
        <control type="group">
            <include condition="Skin.HasSetting(BlackGlassMode)+!Skin.HasSetting(DisableSlidingAnimations)">OpenCloseSlideRight</include>
            <posy>-450</posy>
            <include content="WindowClosingButton">
                <param name="id" value="9001"/>
                <param name="x" value="1635"/>
                <param name="y" value="487"/>
            </include>
            <control type="image">
                <posx>233</posx>
                <posy>483</posy>
                <width>1454</width>
                <height>953</height>
                <texture border="90">common/bg_dialog.png</texture>
            </control>
            <control type="image">
                <posx>278</posx>
                <posy>531</posy>
                <width>1364</width>
                <height>90</height>
                <texture border="3">list/bg_facade_nofocus_top.png</texture>
            </control>
            <control type="label">
                <posx>381</posx>
                <posy>562</posy>
                <height>36</height>
                <width>1000</width>
                <font>InfoTitleFont</font>
                <textcolor>MainColor</textcolor>
                <label>$INFO[VideoPlayer.ChannelGroup]</label>
            </control>
            <control type="label">
                <posx>1570</posx>
                <posy>561</posy>
                <height>36</height>
                <width>530</width>
                <font>OSDFont</font>
                <align>right</align>
                <textcolor>MainColor</textcolor>
                <label>$INFO[System.Time]</label>
            </control>
            <control type="image">
                <posx>1577</posx>
                <posy>562</posy>
                <width>36</width>
                <height>36</height>
                <texture>common/time.png</texture>
            </control>
            <control type="list" id="11">
                <posx>278</posx>
                <posy>621</posy>
                <width>1364</width>
                <height>730</height>
                <!-- <onleft>61</onleft> -->
                <onleft>PreviousChannelGroup</onleft>
                <onright>61</onright>
                <onup>11</onup>
                <ondown>11</ondown>
                <pagecontrol>61</pagecontrol>
                <scrolltime tween="sine" easing="inout">280</scrolltime>
                <itemlayout height="73">
                    <control type="image">
                        <posx>0</posx>
                        <posy>0</posy>
                        <height>73</height>
                        <width>1364</width>
                        <texture border="3">list/bg_facade_nofocus.png</texture>
                    </control>
                    <include content="ProgressBar">
                        <param name="id" value="0"/>
                        <param name="visible" value="!ListItem.IsRecording"/>
                        <param name="x" value="0"/>
                        <param name="y" value="-37"/>
                        <param name="width" value="1364"/>
                        <param name="height" value="73"/>
                        <param name="texturebg" value="-"/>
                        <param name="gfx" value="OSD/osd_progress_mid.png"/>
                        <param name="border" value="0"/>
                        <param name="borderbg" value="0"/>
                        <param name="coldiffbg" value="ffffffff"/>
                        <param name="colordiffuse" value="NoFocusedProgressColor"/>
                        <param name="info" value="ListItem.Progress"/>
                        <param name="reveal" value="true"/>
                    </include>
                    <include content="ProgressBar">
                        <param name="id" value="0"/>
                        <param name="visible" value="ListItem.IsRecording"/>
                        <param name="x" value="0"/>
                        <param name="y" value="-37"/>
                        <param name="width" value="1364"/>
                        <param name="height" value="73"/>
                        <param name="texturebg" value="-"/>
                        <param name="gfx" value="OSD/osd_progress_mid_red.png"/>
                        <param name="border" value="0"/>
                        <param name="borderbg" value="0"/>
                        <param name="coldiffbg" value="ffffffff"/>
                        <param name="colordiffuse" value="NoFocusedProgressColor"/>
                        <param name="info" value="ListItem.Progress"/>
                        <param name="reveal" value="true"/>
                    </include>
                    <control type="image">
                        <posx>1339</posx>
                        <posy>11</posy>
                        <width>25</width>
                        <height>50</height>
                        <texture>OverlayRecordingHalf.png</texture>
                        <aspectratio>keep</aspectratio>
                        <colordiffuse>NoFocusedColor</colordiffuse>
                        <visible>ListItem.IsRecording</visible>
                    </control>
                    <control type="image">
                        <posx>1339</posx>
                        <posy>11</posy>
                        <width>25</width>
                        <height>50</height>
                        <texture>OverlayTimerHalf.png</texture>
                        <aspectratio>keep</aspectratio>
                        <colordiffuse>NoFocusedColor</colordiffuse>
                        <visible>ListItem.HasTimer</visible>
                    </control>
                    <control type="image">
                        <posx>15</posx>
                        <height>71</height>
                        <width>73</width>
                        <texture background="true" fallback="defaultChannelTvBig.png">$INFO[ListItem.Icon]</texture>
                        <colordiffuse>NoFocusedColor</colordiffuse>
                        <aspectratio>keep</aspectratio>
                    </control>
                    <control type="label">
                        <visible>ListItem.HasEpg</visible>
                        <posx>103</posx>
                        <height>42</height>
                        <width>1220</width>
                        <font>FacadeListMainFont</font>
                        <textcolor>ListNoFocusColor</textcolor>
                        <label>$INFO[ListItem.StartTime]  •  $INFO[ListItem.Title]</label>
                        <scroll>false</scroll>
                    </control>
                    <control type="label">
                        <visible>ListItem.HasEpg</visible>
                        <posx>103</posx>
                        <posy>39</posy>
                        <height>28</height>
                        <width>1220</width>
                        <font>FacadeListSubFont</font>
                        <textcolor>SublistNoFocusColor</textcolor>
                        <label>$INFO[ListItem.EndTime]  •  $INFO[ListItem.ChannelNumberLabel]  •  $INFO[ListItem.Label]</label>
                        <scroll>false</scroll>
                    </control>
                    <control type="label">
                        <visible>!ListItem.HasEpg</visible>
                        <posx>103</posx>
                        <height>71</height>
                        <width>1220</width>
                        <font>FacadeListMainFont</font>
                        <textcolor>ListNoFocusColor</textcolor>
                        <label>$INFO[ListItem.Label]</label>
                        <scroll>false</scroll>
                    </control>
                </itemlayout>
                <focusedlayout height="73">
                    <control type="image">
                        <posx>0</posx>
                        <posy>0</posy>
                        <height>73</height>
                        <width>1364</width>
                        <include>FacadeFocus</include>
                    </control>
                    <include content="ProgressBar">
                        <param name="id" value="0"/>
                        <param name="visible" value="!ListItem.IsRecording"/>
                        <param name="x" value="0"/>
                        <param name="y" value="-37"/>
                        <param name="width" value="1364"/>
                        <param name="height" value="73"/>
                        <param name="texturebg" value="-"/>
                        <param name="gfx" value="OSD/osd_progress_mid.png"/>
                        <param name="border" value="0"/>
                        <param name="borderbg" value="0"/>
                        <param name="coldiffbg" value="ffffffff"/>
                        <param name="colordiffuse" value="FocusedProgressColor"/>
                        <param name="info" value="ListItem.Progress"/>
                        <param name="reveal" value="true"/>
                    </include>
                    <include content="ProgressBar">
                        <param name="id" value="0"/>
                        <param name="visible" value="ListItem.IsRecording"/>
                        <param name="x" value="0"/>
                        <param name="y" value="-37"/>
                        <param name="width" value="1364"/>
                        <param name="height" value="73"/>
                        <param name="texturebg" value="-"/>
                        <param name="gfx" value="OSD/osd_progress_mid_red.png"/>
                        <param name="border" value="0"/>
                        <param name="borderbg" value="0"/>
                        <param name="coldiffbg" value="ffffffff"/>
                        <param name="colordiffuse" value="FocusedProgressColor"/>
                        <param name="info" value="ListItem.Progress"/>
                        <param name="reveal" value="true"/>
                    </include>
                    <control type="image">
                        <posx>1339</posx>
                        <posy>11</posy>
                        <width>25</width>
                        <height>50</height>
                        <texture>OverlayRecordingHalf.png</texture>
                        <aspectratio>keep</aspectratio>
                        <visible>ListItem.IsRecording</visible>
                    </control>
                    <control type="image">
                        <posx>1339</posx>
                        <posy>11</posy>
                        <width>25</width>
                        <height>50</height>
                        <texture>OverlayTimerHalf.png</texture>
                        <aspectratio>keep</aspectratio>
                        <visible>ListItem.HasTimer</visible>
                    </control>
                    <control type="image">
                        <posx>15</posx>
                        <height>71</height>
                        <width>73</width>
                        <texture background="true" fallback="defaultChannelTvBig.png">$INFO[ListItem.Icon]</texture>
                        <aspectratio>keep</aspectratio>
                    </control>
                    <control type="label">
                        <visible>ListItem.HasEpg</visible>
                        <posx>103</posx>
                        <height>42</height>
                        <width>1220</width>
                        <font>FacadeListMainFont</font>
                        <textcolor>ListFocusColor</textcolor>
                        <label>$INFO[ListItem.StartTime]  •  $INFO[ListItem.Title]</label>
                        <scroll>false</scroll>
                    </control>
                    <control type="label">
                        <visible>ListItem.HasEpg</visible>
                        <posx>103</posx>
                        <posy>39</posy>
                        <height>28</height>
                        <width>1220</width>
                        <font>FacadeListSubFont</font>
                        <textcolor>SublistFocusColor</textcolor>
                        <label>$INFO[ListItem.EndTime]  •  $INFO[ListItem.ChannelNumberLabel]  •  $INFO[ListItem.Label]</label>
                        <scroll>false</scroll>
                    </control>
                    <control type="label">
                        <visible>!ListItem.HasEpg</visible>
                        <posx>103</posx>
                        <height>71</height>
                        <width>1220</width>
                        <font>FacadeListMainFont</font>
                        <textcolor>ListFocusColor</textcolor>
                        <label>$INFO[ListItem.Label]</label>
                        <scroll>false</scroll>
                    </control>
                </focusedlayout>
            </control>
            <control type="scrollbar" id="61">
                <posx>1611</posx>
                <posy>621</posy>
                <height>730</height>
                <include>VerticalScroller</include>
                <ondown>61</ondown>
                <onup>61</onup>
                <onleft>11</onleft>
                <onright>NextChannelGroup</onright>
            </control>
        </control>
    </include>
    <include name="PVROSDChannelListSmallGuide">
        <control type="group">
            <include condition="Skin.HasSetting(BlackGlassMode)+!Skin.HasSetting(DisableSlidingAnimations)">OpenCloseSlideRight</include>
            <include content="WindowClosingButton">
                <param name="id" value="9001"/>
                <param name="x" value="1635"/>
                <param name="y" value="487"/>
            </include>
            <control type="image">
                <posx>233</posx>
                <posy>483</posy>
                <width>1454</width>
                <height>515</height>
                <texture border="90">common/bg_dialog.png</texture>
            </control>
            <control type="image">
                <posx>278</posx>
                <posy>531</posy>
                <width>1364</width>
                <height>90</height>
                <texture border="3">list/bg_facade_nofocus_top.png</texture>
            </control>
            <control type="label">
                <visible>!String.IsEmpty(Container(11).ListItem.StartDate)</visible>
                <posx>381</posx>
                <posy>562</posy>
                <height>36</height>
                <width>1000</width>
                <font>InfoTitleFont</font>
                <textcolor>MainColor</textcolor>
                <label>[B]$INFO[VideoPlayer.ChannelNumberLabel,,  •  ]$INFO[VideoPlayer.ChannelName][/B]  •  $INFO[Container(11).ListItem.StartDate]</label>
            </control>
            <control type="label">
                <visible>String.IsEmpty(Container(11).ListItem.StartDate)</visible>
                <posx>381</posx>
                <posy>562</posy>
                <height>36</height>
                <width>1000</width>
                <font>InfoTitleFont</font>
                <textcolor>MainColor</textcolor>
                <label>[B]$INFO[VideoPlayer.ChannelNumberLabel,,  •  ]$INFO[VideoPlayer.ChannelName][/B]</label>
            </control>
            <control type="label">
                <posx>1570</posx>
                <posy>561</posy>
                <height>36</height>
                <width>530</width>
                <font>OSDFont</font>
                <align>right</align>
                <textcolor>MainColor</textcolor>
                <label>$INFO[System.Time]</label>
            </control>
            <control type="image">
                <posx>1577</posx>
                <posy>562</posy>
                <width>36</width>
                <height>36</height>
                <texture>common/time.png</texture>
            </control>
            <control type="list" id="11">
                <posx>278</posx>
                <posy>621</posy>
                <width>1364</width>
                <height>292</height>
                <onleft>close</onleft>
                <onright>60</onright>
                <onup>11</onup>
                <ondown>11</ondown>
                <pagecontrol>60</pagecontrol>
                <scrolltime>200</scrolltime>
                <itemlayout height="73">
                    <control type="image">
                        <posx>0</posx>
                        <posy>0</posy>
                        <height>73</height>
                        <width>1364</width>
                        <texture border="3">list/bg_facade_nofocus.png</texture>
                    </control>
                    <control type="image">
                        <posx>1339</posx>
                        <posy>11</posy>
                        <width>25</width>
                        <height>50</height>
                        <texture>OverlayRecordingHalf.png</texture>
                        <aspectratio>keep</aspectratio>
                        <colordiffuse>NoFocusedColor</colordiffuse>
                        <visible>ListItem.IsRecording</visible>
                    </control>
                    <control type="image">
                        <posx>1339</posx>
                        <posy>11</posy>
                        <width>25</width>
                        <height>50</height>
                        <texture>OverlayTimerHalf.png</texture>
                        <aspectratio>keep</aspectratio>
                        <colordiffuse>NoFocusedColor</colordiffuse>
                        <visible>ListItem.HasTimer</visible>
                    </control>
                    <control type="image">
                        <posx>15</posx>
                        <height>71</height>
                        <width>73</width>
                        <texture background="true" fallback="defaultChannelTvBig.png">$INFO[ListItem.Icon]</texture>
                        <colordiffuse>NoFocusedColor</colordiffuse>
                        <aspectratio>keep</aspectratio>
                    </control>
                    <control type="label">
                        <posx>103</posx>
                        <height>71</height>
                        <width>890</width>
                        <font>FacadeListMainFont</font>
                        <textcolor>ListNoFocusColor</textcolor>
                        <label>$INFO[ListItem.Label]</label>
                        <scroll>false</scroll>
                    </control>
                    <control type="label">
                        <posx>1030</posx>
                        <posy>0</posy>
                        <height>71</height>
                        <width>300</width>
                        <align>right</align>
                        <font>FacadeListMainFont</font>
                        <textcolor>SublistNoFocusColor</textcolor>
                        <label>$INFO[ListItem.StartTime]</label>
                        <scroll>false</scroll>
                    </control>
                </itemlayout>
                <focusedlayout height="73">
                    <control type="image">
                        <posx>0</posx>
                        <posy>0</posy>
                        <height>73</height>
                        <width>1364</width>
                        <include>FacadeFocus</include>
                    </control>
                    <control type="image">
                        <posx>1339</posx>
                        <posy>11</posy>
                        <width>25</width>
                        <height>50</height>
                        <texture>OverlayRecordingHalf.png</texture>
                        <aspectratio>keep</aspectratio>
                        <visible>ListItem.IsRecording</visible>
                    </control>
                    <control type="image">
                        <posx>1339</posx>
                        <posy>11</posy>
                        <width>25</width>
                        <height>50</height>
                        <texture>OverlayTimerHalf.png</texture>
                        <aspectratio>keep</aspectratio>
                        <visible>ListItem.HasTimer</visible>
                    </control>
                    <control type="image">
                        <posx>15</posx>
                        <height>71</height>
                        <width>73</width>
                        <texture background="true" fallback="defaultChannelTvBig.png">$INFO[ListItem.Icon]</texture>
                        <aspectratio>keep</aspectratio>
                    </control>
                    <control type="label">
                        <posx>103</posx>
                        <height>71</height>
                        <width>890</width>
                        <font>FacadeListMainFont</font>
                        <textcolor>ListFocusColor</textcolor>
                        <label>$INFO[ListItem.Label]</label>
                    </control>
                    <control type="label">
                        <posx>1030</posx>
                        <posy>0</posy>
                        <height>71</height>
                        <width>300</width>
                        <align>right</align>
                        <font>FacadeListMainFont</font>
                        <textcolor>SublistFocusColor</textcolor>
                        <label>$INFO[ListItem.StartTime]</label>
                    </control>
                </focusedlayout>
            </control>
            <control type="scrollbar" id="60">
                <posx>1611</posx>
                <posy>621</posy>
                <height>292</height>
                <include>VerticalScroller</include>
                <onleft>11</onleft>
                <onright>close</onright>
                <ondown>60</ondown>
                <onup>60</onup>
            </control>
        </control>
    </include>
    <include name="PVROSDChannelListBigGuide">
        <control type="group">
            <include condition="Skin.HasSetting(BlackGlassMode)+!Skin.HasSetting(DisableSlidingAnimations)">OpenCloseSlideRight</include>
            <posy>-450</posy>
            <include content="WindowClosingButton">
                <param name="id" value="0"/>
                <param name="x" value="1635"/>
                <param name="y" value="487"/>
            </include>
            <control type="image">
                <posx>233</posx>
                <posy>483</posy>
                <width>1454</width>
                <height>953</height>
                <texture border="90">common/bg_dialog.png</texture>
            </control>
            <control type="image">
                <posx>278</posx>
                <posy>531</posy>
                <width>1364</width>
                <height>90</height>
                <texture border="3">list/bg_facade_nofocus_top.png</texture>
            </control>
            <control type="label">
                <visible>!String.IsEmpty(Container(11).ListItem.StartDate)</visible>
                <posx>381</posx>
                <posy>562</posy>
                <height>36</height>
                <width>1000</width>
                <font>InfoTitleFont</font>
                <textcolor>MainColor</textcolor>
                <label>[B]$INFO[VideoPlayer.ChannelNumberLabel,,  •  ]$INFO[VideoPlayer.ChannelName][/B]  •  $INFO[Container(11).ListItem.StartDate]</label>
            </control>
            <control type="label">
                <visible>String.IsEmpty(Container(11).ListItem.StartDate)</visible>
                <posx>381</posx>
                <posy>562</posy>
                <height>36</height>
                <width>1000</width>
                <font>InfoTitleFont</font>
                <textcolor>MainColor</textcolor>
                <label>[B]$INFO[VideoPlayer.ChannelNumberLabel,,  •  ]$INFO[VideoPlayer.ChannelName][/B]</label>
            </control>
            <control type="label">
                <posx>1570</posx>
                <posy>561</posy>
                <height>36</height>
                <width>530</width>
                <font>OSDFont</font>
                <align>right</align>
                <textcolor>MainColor</textcolor>
                <label>$INFO[System.Time]</label>
            </control>
            <control type="image">
                <posx>1577</posx>
                <posy>562</posy>
                <width>36</width>
                <height>36</height>
                <texture>common/time.png</texture>
            </control>
            <control type="list" id="11">
                <posx>278</posx>
                <posy>621</posy>
                <width>1364</width>
                <height>730</height>
                <onleft>close</onleft>
                <onright>60</onright>
                <onup>11</onup>
                <ondown>11</ondown>
                <pagecontrol>60</pagecontrol>
                <itemlayout height="73">
                    <control type="image">
                        <posx>0</posx>
                        <posy>0</posy>
                        <height>73</height>
                        <width>1364</width>
                        <texture border="3">list/bg_facade_nofocus.png</texture>
                    </control>
                    <control type="image">
                        <posx>1339</posx>
                        <posy>11</posy>
                        <width>25</width>
                        <height>50</height>
                        <texture>OverlayRecordingHalf.png</texture>
                        <aspectratio>keep</aspectratio>
                        <colordiffuse>NoFocusedColor</colordiffuse>
                        <visible>ListItem.IsRecording</visible>
                    </control>
                    <control type="image">
                        <posx>1339</posx>
                        <posy>11</posy>
                        <width>25</width>
                        <height>50</height>
                        <texture>OverlayTimerHalf.png</texture>
                        <aspectratio>keep</aspectratio>
                        <colordiffuse>NoFocusedColor</colordiffuse>
                        <visible>ListItem.HasTimer</visible>
                    </control>
                    <control type="image">
                        <posx>15</posx>
                        <height>71</height>
                        <width>73</width>
                        <texture background="true" fallback="defaultChannelTvBig.png">$INFO[ListItem.Icon]</texture>
                        <colordiffuse>NoFocusedColor</colordiffuse>
                        <aspectratio>keep</aspectratio>
                    </control>
                    <control type="label">
                        <posx>103</posx>
                        <height>71</height>
                        <width>890</width>
                        <font>FacadeListMainFont</font>
                        <textcolor>ListNoFocusColor</textcolor>
                        <label>$INFO[ListItem.Label]</label>
                        <scroll>false</scroll>
                    </control>
                    <control type="label">
                        <posx>1030</posx>
                        <posy>0</posy>
                        <height>71</height>
                        <width>300</width>
                        <align>right</align>
                        <font>FacadeListMainFont</font>
                        <textcolor>SublistNoFocusColor</textcolor>
                        <label>$INFO[ListItem.StartTime]</label>
                        <scroll>false</scroll>
                    </control>
                </itemlayout>
                <focusedlayout height="73">
                    <control type="image">
                        <posx>0</posx>
                        <posy>0</posy>
                        <height>73</height>
                        <width>1364</width>
                        <include>FacadeFocus</include>
                    </control>
                    <control type="image">
                        <posx>1339</posx>
                        <posy>11</posy>
                        <width>25</width>
                        <height>50</height>
                        <texture>OverlayRecordingHalf.png</texture>
                        <aspectratio>keep</aspectratio>
                        <visible>ListItem.IsRecording</visible>
                    </control>
                    <control type="image">
                        <posx>1339</posx>
                        <posy>11</posy>
                        <width>25</width>
                        <height>50</height>
                        <texture>OverlayTimerHalf.png</texture>
                        <aspectratio>keep</aspectratio>
                        <visible>ListItem.HasTimer</visible>
                    </control>
                    <control type="image">
                        <posx>15</posx>
                        <height>71</height>
                        <width>73</width>
                        <texture background="true" fallback="defaultChannelTvBig.png">$INFO[ListItem.Icon]</texture>
                        <aspectratio>keep</aspectratio>
                    </control>
                    <control type="label">
                        <posx>103</posx>
                        <height>71</height>
                        <width>890</width>
                        <font>FacadeListMainFont</font>
                        <textcolor>ListFocusColor</textcolor>
                        <label>$INFO[ListItem.Label]</label>
                    </control>
                    <control type="label">
                        <posx>1030</posx>
                        <posy>0</posy>
                        <height>71</height>
                        <width>300</width>
                        <align>right</align>
                        <font>FacadeListMainFont</font>
                        <textcolor>SublistFocusColor</textcolor>
                        <label>$INFO[ListItem.StartTime]</label>
                    </control>
                </focusedlayout>
            </control>
            <control type="scrollbar" id="60">
                <posx>1611</posx>
                <posy>621</posy>
                <height>730</height>
                <include>VerticalScroller</include>
                <onleft>11</onleft>
                <onright>close</onright>
                <ondown>60</ondown>
                <onup>60</onup>
            </control>
        </control>
    </include>
</includes>
