<?xml version="1.0" encoding="utf-8"?>
<includes>
    <include name="Horizontal_HomeSubMenu_BG">
        <animation effect="fade" time="0" start="100" end="50" reversible="true" condition="![Control.HasFocus(9001)|Control.HasFocus(9002)|Control.HasFocus(9003)]">Conditional</animation>
        <posx>155</posx>
        <posy>902</posy>
        <height>50</height>
        <width>1610</width>
        <onleft>9001</onleft>
        <onright>9001</onright>
        <ondown>9001</ondown>
        <viewtype>list</viewtype>
        <orientation>horizontal</orientation>
        <onup>300</onup>
        <onback>SetFocus(300)</onback>
        <ondown>700</ondown>
        <itemlayout width="536" height="50">
            <control type="label">
                <posx>20</posx>
                <posy>0</posy>
                <height>50</height>
                <width>496</width>
                <align>center</align>
                <aligny>center</aligny>
                <font>SmallButtonFont</font>
                <scroll>false</scroll>
                <label>$INFO[ListItem.Label]</label>
                <textcolor>ListNoFocusColor</textcolor>
            </control>
        </itemlayout>
        <focusedlayout width="536" height="50">
            <control type="label">
                <visible>![Control.HasFocus(9001)|Control.HasFocus(9002)|Control.HasFocus(9003)]</visible>
                <posx>20</posx>
                <posy>0</posy>
                <height>50</height>
                <width>496</width>
                <align>center</align>
                <aligny>center</aligny>
                <font>SmallButtonFont</font>
                <label>$INFO[ListItem.Label]</label>
                <textcolor>ListNoFocusColor</textcolor>
            </control>
            <control type="label">
                <visible>[Control.HasFocus(9001)|Control.HasFocus(9002)|Control.HasFocus(9003)]</visible>
                <posx>20</posx>
                <posy>0</posy>
                <height>50</height>
                <width>496</width>
                <align>center</align>
                <aligny>center</aligny>
                <font>SmallButtonFont</font>
                <label>[B]$INFO[ListItem.Label][/B]</label>
                <textcolor>ListFocusColor</textcolor>
            </control>
        </focusedlayout>
        <content>
            <include condition="Skin.HasSetting(plexbmc)+System.HasAddon(plugin.video.plexbmc)">Plexbmc.Submenu.Items</include>
            <include>skinshortcuts-submenu</include>
        </content>
    </include>
    <include name="Horizontal_Fixed_HomeSubMenu_BG">
        <control type="fixedlist" id="9001">
            <!--<animation effect="slide" start="0,0" end="-251,0" time="0" condition="String.IsEqual(Container(9001).NumItems,2)">conditional</animation>-->
            <focusposition>1</focusposition>
            <movement>0</movement>
            <include>Horizontal_HomeSubMenu_BG</include>
        </control>
    </include>
    <include name="Horizontal_Wrapped_HomeSubMenu_BG">
        <control type="wraplist" id="9001">
            <focusposition>1</focusposition>
            <movement>0</movement>
            <include>Horizontal_HomeSubMenu_BG</include>
        </control>
    </include>
    <include name="Horizontal_HomeMenu_BG">
        <posx>-1683</posx>
        <posy>85</posy>
        <width>3603</width>
        <height>930</height>
        <onleft>300</onleft>
        <onright>300</onright>
        <ondown>9001</ondown>
        <onup condition="control.isvisible(378432)">7010</onup>
        <pagecontrol>-</pagecontrol>
        <preloaditems>4</preloaditems>
        <scrolltime tween="sine" easing="out">300</scrolltime>
        <orientation>horizontal</orientation>
        <itemlayout height="930" width="1683">
            <control type="group">
                <posx>145</posx>
                <control type="image">
                    <posx>-27</posx>
                    <posy>0</posy>
                    <width>1683</width>
                    <height>940</height>
                    <texture background="true" diffuse="common/bg_panel_home_diffuse.png" fallback="special://skin/backgrounds/default/default2.jpg">$INFO[ListItem.Icon]</texture>
                    <fadetime>0</fadetime>
                </control>
                <control type="image">
                    <posx>-27</posx>
                    <posy>0</posy>
                    <width>1683</width>
                    <height>940</height>
                    <texture diffuse="common/bg_panel_home_diffuse.png">common/basichome_downer_gradient.png</texture>
                </control>
                <control type="image">
                    <posx>-27</posx>
                    <posy>0</posy>
                    <width>1683</width>
                    <height>940</height>
                    <texture border="90">common/bg_panel_home.png</texture>
                </control>
                <control type="image">
                    <posx>10</posx>
                    <posy>620</posy>
                    <width>1610</width>
                    <height>73</height>
                    <texture border="3">list/bg_facade_nofocus_top.png</texture>
                </control>
                <control type="image">
                    <posx>10</posx>
                    <posy>720</posy>
                    <width>1610</width>
                    <height>73</height>
                    <texture border="3">list/bg_facade_nofocus_top.png</texture>
                </control>
            </control>
        </itemlayout>
        <focusedlayout height="930" width="1683">
            <control type="group">
                <posx>145</posx>
                <control type="image">
                    <posx>-27</posx>
                    <posy>0</posy>
                    <width>1683</width>
                    <height>940</height>
                    <texture background="true" diffuse="common/bg_panel_home_diffuse.png" fallback="special://skin/backgrounds/default/default2.jpg">$INFO[ListItem.Icon]</texture>
                    <fadetime>0</fadetime>
                </control>
                <control type="image">
                    <posx>-27</posx>
                    <posy>0</posy>
                    <width>1683</width>
                    <height>940</height>
                    <texture diffuse="common/bg_panel_home_diffuse.png">common/basichome_downer_gradient.png</texture>
                </control>
                <control type="image">
                    <posx>-27</posx>
                    <posy>0</posy>
                    <width>1683</width>
                    <height>940</height>
                    <texture border="90">common/bg_panel_home.png</texture>
                </control>
                <control type="image">
                    <posx>10</posx>
                    <posy>620</posy>
                    <width>1610</width>
                    <height>73</height>
                    <texture border="3">list/bg_facade_nofocus_top.png</texture>
                </control>
                <control type="image">
                    <posx>10</posx>
                    <posy>720</posy>
                    <width>1610</width>
                    <height>73</height>
                    <texture border="3">list/bg_facade_nofocus_top.png</texture>
                </control>
            </control>
        </focusedlayout>
        <content>
            <include condition="Skin.HasSetting(plexbmc)+System.HasAddon(plugin.video.plexbmc)">Plexbmc.Items</include>
            <include>skinshortcuts-mainmenu</include>
        </content>
    </include>
    <include name="Horizontal_Fixed_HomeMenu_BG">
        <control type="fixedlist" id="300">
            <focusposition>1</focusposition>
            <movement>0</movement>
            <include>Horizontal_HomeMenu_BG</include>
        </control>
    </include>
    <include name="Horizontal_Wrapped_HomeMenu_BG">
        <control type="wraplist" id="300">
            <focusposition>1</focusposition>
            <movement>0</movement>
            <include>Horizontal_HomeMenu_BG</include>
        </control>
    </include>
    <include name="Horizontal_Home_Layout_BG">
        <control type="image">
            <visible>control.isvisible(378433)</visible>
            <include>VisibleFadeEffect</include>
            <posx>-200</posx>
            <posy>633</posy>
            <width>2320</width>
            <height>467</height>
            <texture>common/HomeGradient.png</texture>
        </control>
        <control type="image">
            <visible>control.isvisible(378433)</visible>
            <include>VisibleFadeEffect</include>
            <posx>-200</posx>
            <posy>840</posy>
            <width>2320</width>
            <height>467</height>
            <texture>common/BlackDot.png</texture>
        </control>
        <control type="group">
            <include condition="!Skin.HasSetting(DisableSlidingAnimations)">OpenCloseSlideRight</include>
            <animation effect="slide" tween="circle" time="200" start="0,0" end="0,1080" reversible="true" condition="control.isvisible(378433)">Conditional</animation>
            <control type="group">
                <posy>20</posy>
                <include condition="Skin.HasSetting(Fixed_HomeMenu)">Horizontal_Fixed_HomeMenu_BG</include>
                <include condition="!Skin.HasSetting(Fixed_HomeMenu)">Horizontal_Wrapped_HomeMenu_BG</include>
                <control type="button" id="7010">
                    <!--NAVIGATION DUMMY-->
                    <visible>control.isvisible(378432)</visible>
                    <posx>150</posx>
                    <posy>685</posy>
                    <width>1620</width>
                    <height>90</height>
                    <include>HiddenButton</include>
                    <onfocus>SetFocus(701)</onfocus>
                </control>
                <control type="label">
                    <posx>0</posx>
                    <posy>776</posy>
                    <width>1920</width>
                    <height>100</height>
                    <align>center</align>
                    <font>HomeItemFont</font>
                    <textcolor>MainColor</textcolor>
                    <label>$INFO[Container(300).ListItem.Label]</label>
                </control>
                <include condition="Skin.HasSetting(Fixed_HomeMenu)">Horizontal_Fixed_HomeSubMenu_BG</include>
                <include condition="!Skin.HasSetting(Fixed_HomeMenu)">Horizontal_Wrapped_HomeSubMenu_BG</include>
                <control type="fixedlist" id="701">
                    <animation effect="fade" time="200" start="100" end="50" reversible="true" condition="![Control.HasFocus(701)|Control.HasFocus(7019)|Control.HasFocus(7018)]">Conditional</animation>
                    <posx>155</posx>
                    <posy>705</posy>
                    <width>1610</width>
                    <height>50</height>
                    <itemgap>50</itemgap>
                    <align>center</align>
                    <onup condition="control.isvisible(212)+Integer.IsGreater(Container(212).NumItems,0)+String.IsEqual(Container(701).ListItem.Label,$LOCALIZE[31961])">212</onup>
                    <onup condition="control.isvisible(311)+Integer.IsGreater(Container(311).NumItems,0)+String.IsEqual(Container(701).ListItem.Label,$LOCALIZE[31961])">311</onup>
                    <onup condition="control.isvisible(411)+Integer.IsGreater(Container(411).NumItems,0)+String.IsEqual(Container(701).ListItem.Label,$LOCALIZE[31961])">411</onup>
                    <onup condition="control.isvisible(511)+Integer.IsGreater(Container(511).NumItems,0)+String.IsEqual(Container(701).ListItem.Label,$LOCALIZE[31961])">511</onup>
                    <onup condition="control.isvisible(900)+Integer.IsGreater(Container(900).NumItems,0)+String.IsEqual(Container(701).ListItem.Label,$LOCALIZE[31961])">900</onup>
                    <onup condition="control.isvisible(312)+Integer.IsGreater(Container(312).NumItems,0)+String.IsEqual(Container(701).ListItem.Label,$LOCALIZE[31011])">312</onup>
                    <onup condition="control.isvisible(412)+Integer.IsGreater(Container(412).NumItems,0)+String.IsEqual(Container(701).ListItem.Label,$LOCALIZE[31011])">412</onup>
                    <onup condition="control.isvisible(413)+Integer.IsGreater(Container(413).NumItems,0)+String.IsEqual(Container(701).ListItem.Label,$LOCALIZE[31932])">413</onup>
                    <onup condition="control.isvisible(700011)+Container(701).HasFocus(7001)">700011</onup>
                    <onup condition="control.isvisible(700012)+Container(701).HasFocus(7001)">700012</onup>
                    <onup condition="control.isvisible(700013)+Container(701).HasFocus(7001)">700013</onup>
                    <onup condition="control.isvisible(700014)+Container(701).HasFocus(7001)">700014</onup>
                    <onup condition="control.isvisible(700015)+Container(701).HasFocus(7001)">700015</onup>
                    <onup condition="control.isvisible(700021)+Container(701).HasFocus(7002)">700021</onup>
                    <onup condition="control.isvisible(700022)+Container(701).HasFocus(7002)">700022</onup>
                    <onup condition="control.isvisible(700023)+Container(701).HasFocus(7002)">700023</onup>
                    <onup condition="control.isvisible(700024)+Container(701).HasFocus(7002)">700024</onup>
                    <onup condition="control.isvisible(700025)+Container(701).HasFocus(7002)">700025</onup>
                    <onup condition="control.isvisible(700031)+Container(701).HasFocus(7003)">700031</onup>
                    <onup condition="control.isvisible(700032)+Container(701).HasFocus(7003)">700032</onup>
                    <onup condition="control.isvisible(700033)+Container(701).HasFocus(7003)">700033</onup>
                    <onup condition="control.isvisible(700034)+Container(701).HasFocus(7003)">700034</onup>
                    <onup condition="control.isvisible(700035)+Container(701).HasFocus(7003)">700035</onup>
                    <onup condition="control.isvisible(700041)+Container(701).HasFocus(7004)">700041</onup>
                    <onup condition="control.isvisible(700042)+Container(701).HasFocus(7004)">700042</onup>
                    <onup condition="control.isvisible(700043)+Container(701).HasFocus(7004)">700043</onup>
                    <onup condition="control.isvisible(700044)+Container(701).HasFocus(7004)">700044</onup>
                    <onup condition="control.isvisible(700045)+Container(701).HasFocus(7004)">700045</onup>
                    <onup condition="control.isvisible(700051)+Container(701).HasFocus(7005)">700051</onup>
                    <onup condition="control.isvisible(700052)+Container(701).HasFocus(7005)">700052</onup>
                    <onup condition="control.isvisible(700053)+Container(701).HasFocus(7005)">700053</onup>
                    <onup condition="control.isvisible(700054)+Container(701).HasFocus(7005)">700054</onup>
                    <onup condition="control.isvisible(700055)+Container(701).HasFocus(7005)">700055</onup>
                    <ondown>300</ondown>
                    <focusposition>1</focusposition>
                    <orientation>horizontal</orientation>
                    <pagecontrol>-</pagecontrol>
                    <itemlayout width="536" height="50">
                        <control type="label">
                            <posx>20</posx>
                            <posy>0</posy>
                            <height>50</height>
                            <width>496</width>
                            <align>center</align>
                            <aligny>center</aligny>
                            <font>SmallButtonFont</font>
                            <scroll>false</scroll>
                            <label>$INFO[ListItem.Label]</label>
                            <textcolor>ListNoFocusColor</textcolor>
                        </control>
                    </itemlayout>
                    <focusedlayout width="536" height="50">
                        <control type="label">
                            <visible>![Control.HasFocus(701)|Control.HasFocus(7019)|Control.HasFocus(7018)]</visible>
                            <animation effect="fade" time="200" start="0" end="100" reversible="true">Visible</animation>
                            <posx>20</posx>
                            <posy>0</posy>
                            <height>50</height>
                            <width>496</width>
                            <align>center</align>
                            <aligny>center</aligny>
                            <font>SmallButtonFont</font>
                            <label>$INFO[ListItem.Label]</label>
                            <textcolor>ListNoFocusColor</textcolor>
                        </control>
                        <control type="label">
                            <visible>[Control.HasFocus(701)|Control.HasFocus(7019)|Control.HasFocus(7018)]</visible>
                            <animation effect="fade" time="200" start="0" end="100" reversible="true">Visible</animation>
                            <posx>20</posx>
                            <posy>0</posy>
                            <height>50</height>
                            <width>496</width>
                            <align>center</align>
                            <aligny>center</aligny>
                            <font>SmallButtonFont</font>
                            <label>[B]$INFO[ListItem.Label][/B]</label>
                            <textcolor>ListFocusColor</textcolor>
                        </control>
                    </focusedlayout>
                    <include>ShelfIcons</include>
                </control>
                <control type="button" id="7018">
                    <posx>150</posx>
                    <posy>685</posy>
                    <width>500</width>
                    <height>90</height>
                    <texturefocus>-</texturefocus>
                    <texturenofocus>-</texturenofocus>
                    <onclick>Control.Move(701,-1)</onclick>
                </control>
                <control type="button" id="7019">
                    <posx>1270</posx>
                    <posy>685</posy>
                    <width>500</width>
                    <height>90</height>
                    <texturefocus>-</texturefocus>
                    <texturenofocus>-</texturenofocus>
                    <onclick>Control.Move(701,1)</onclick>
                </control>
                <control type="button" id="9002">
                    <posx>115</posx>
                    <posy>855</posy>
                    <width>589</width>
                    <height>180</height>
                    <texturefocus>-</texturefocus>
                    <texturenofocus>-</texturenofocus>
                    <onclick>Control.Move(9001,-1)</onclick>
                </control>
                <control type="button" id="9003">
                    <posx>1216</posx>
                    <posy>855</posy>
                    <width>589</width>
                    <height>180</height>
                    <texturefocus>-</texturefocus>
                    <texturenofocus>-</texturenofocus>
                    <onclick>Control.Move(9001,1)</onclick>
                </control>
                <control type="button" id="301">
                    <posx>1770</posx>
                    <posy>100</posy>
                    <width>150</width>
                    <height>1000</height>
                    <texturefocus>-</texturefocus>
                    <texturenofocus>-</texturenofocus>
                    <onclick>Control.Move(300,1)</onclick>
                    <!--<onfocus>Control.Move(300,1)</onfocus>-->
                </control>
                <control type="button" id="302">
                    <posx>0</posx>
                    <posy>100</posy>
                    <width>150</width>
                    <height>1000</height>
                    <texturefocus>-</texturefocus>
                    <texturenofocus>-</texturenofocus>
                    <onclick>Control.Move(300,-1)</onclick>
                    <!--<onfocus>Control.Move(300,-1)</onfocus>-->
                </control>
            </control>
            <control type="group">
                <visible>system.getbool(lookandfeel.enablerssfeeds)</visible>
                <control type="image">
                    <posx>0</posx>
                    <posy>1038</posy>
                    <width>1920</width>
                    <height>44</height>
                    <texture>common/BlackDotT.png</texture>
                </control>
                <control type="image">
                    <posx>0</posx>
                    <posy>966</posy>
                    <width>1920</width>
                    <height>73</height>
                    <texture border="3">list/bg_facade_nofocus_top.png</texture>
                </control>
                <control type="image">
                    <posx>0</posx>
                    <posy>1040</posy>
                    <width>1920</width>
                    <height>41</height>
                    <texture border="3">list/bg_facade_focus_white.png</texture>
                </control>
                <control type="rss">
                    <posx>0</posx>
                    <posy>1045</posy>
                    <width>1920</width>
                    <height>40</height>
                    <font>rss</font>
                    <urlset>1</urlset>
                    <font>WindowTitleSubFont</font>
                    <shadowcolor>ShadowColor</shadowcolor>
                    <titlecolor>MainColor</titlecolor>
                    <headlinecolor>AlternateColor</headlinecolor>
                    <textcolor>AlternateColor</textcolor>
                </control>
            </control>
        </control>
        <include>WidgetsCollection</include>
    </include>
</includes>
