<?xml version="1.0" encoding="utf-8"?>
<includes>
    <include name="SkinShortcuts_Window_Back_Level">
        <control type="multiimage">
            <posx>128</posx>
            <posy>382</posy>
            <width>1230</width>
            <height>796</height>
            <imagepath background="true">$VAR[SkinShortcutBackgrounds]</imagepath>
            <aspectratio aligny="top">scale</aspectratio>
            <timeperimage>5000</timeperimage>
            <fadetime>400</fadetime>
            <randomize>true</randomize>
        </control>
        <control type="image">
            <visible>Skin.HasSetting(BlackGlassMode)</visible>
            <posx>128</posx>
            <posy>382</posy>
            <width>1230</width>
            <height>796</height>
            <aspectratio aligny="top">scale</aspectratio>
            <include>BgOverlayFanart</include>
            <include>OverlayBG</include>
        </control>
        <control type="image">
            <visible>!Skin.HasSetting(BlackGlassMode)</visible>
            <posx>128</posx>
            <posy>382</posy>
            <texture border="10">common/basichome_upper_gradient.png</texture>
            <width>1230</width>
            <height>153</height>
        </control>
        <control type="group">
            <visible>!Skin.HasSetting(BlackGlassMode)+!Skin.HasSetting(VerticalHome)</visible>
            <control type="image">
                <posx>128</posx>
                <posy>537</posy>
                <width>1230</width>
                <height>399</height>
                <texture border="10">common/HomeGradient.png</texture>
            </control>
            <control type="image">
                <posx>128</posx>
                <posy>930</posy>
                <width>1230</width>
                <height>256</height>
                <texture>common/BlackDot.png</texture>
            </control>
        </control>
        <control type="group">
            <visible>Skin.HasSetting(VerticalHome)</visible>
            <control type="image">
                <visible>!Skin.HasSetting(BlackGlassMode)</visible>
                <posx>128</posx>
                <posy>887</posy>
                <width>1230</width>
                <height>299</height>
                <colordiffuse>b0ffffff</colordiffuse>
                <texture border="10">common/HomeGradient.png</texture>
            </control>
            <control type="image">
                <visible>!Window.IsVisible(CustomPlexHomeSettings.xml)</visible>
                <posx>128</posx>
                <posy>538</posy>
                <width>987</width>
                <height>483</height>
                <texture border="100">common/bg_left.png</texture>
            </control>
            <control type="image">
                <posx>128</posx>
                <posy>345</posy>
                <width>511</width>
                <height>870</height>
                <texture border="100">common/bg_left.png</texture>
            </control>
        </control>
        <control type="image">
            <posx>128</posx>
            <posy>1178</posy>
            <width>1230</width>
            <height>8</height>
            <texture>list/bg_facade_separator.png</texture>
        </control>
    </include>
    <include name="SkinShortcuts_Window_Navigation">
        <control type="group">
            <visible>!Skin.HasSetting(BlackGlassMode)+!Skin.HasSetting(VerticalHome)</visible>
            <control type="button" id="3010">
                <posx>128</posx>
                <posy>732</posy>
                <width>417</width>
                <height>350</height>
                <texturefocus>-</texturefocus>
                <texturenofocus>-</texturenofocus>
                <onclick>Control.Move(211,-1)</onclick>
            </control>
            <control type="button" id="3020">
                <posx>941</posx>
                <posy>732</posy>
                <width>417</width>
                <height>350</height>
                <texturefocus>-</texturefocus>
                <texturenofocus>-</texturenofocus>
                <onclick>Control.Move(211,1)</onclick>
            </control>
        </control>
        <control type="group">
            <visible>Skin.HasSetting(BlackGlassMode)+!Skin.HasSetting(VerticalHome)</visible>
            <control type="button" id="3010">
                <posx>128</posx>
                <posy>382</posy>
                <width>417</width>
                <height>803</height>
                <texturefocus>-</texturefocus>
                <texturenofocus>-</texturenofocus>
                <onclick>Control.Move(211,-1)</onclick>
            </control>
            <control type="button" id="3020">
                <posx>941</posx>
                <posy>382</posy>
                <width>417</width>
                <height>803</height>
                <texturefocus>-</texturefocus>
                <texturenofocus>-</texturenofocus>
                <onclick>Control.Move(211,1)</onclick>
            </control>
        </control>
        <control type="group">
            <visible>Skin.HasSetting(VerticalHome)</visible>
            <control type="button" id="3010">
                <posx>128</posx>
                <posy>342</posy>
                <width>463</width>
                <height>82</height>
                <texturefocus>-</texturefocus>
                <texturenofocus>-</texturenofocus>
                <onclick>Control.Move(211,-1)</onclick>
            </control>
            <control type="button" id="3020">
                <posx>128</posx>
                <posy>1139</posy>
                <width>463</width>
                <height>100</height>
                <texturefocus>-</texturefocus>
                <texturenofocus>-</texturenofocus>
                <onclick>Control.Move(211,1)</onclick>
            </control>
        </control>
    </include>
    <include name="SkinShortcuts_Window_Vertical_Upper_Level">
        <control type="image">
            <posx>128</posx>
            <posy>345</posy>
            <width>463</width>
            <height>79</height>
            <texture flipx="true">list/bg_facade_nofocus_top.png</texture>
        </control>
        <control type="image">
            <posx>128</posx>
            <posy>345</posy>
            <width>463</width>
            <height>79</height>
            <texture flipx="true">list/bg_facade_nofocus_top.png</texture>
        </control>
        <control type="image">
            <posx>128</posx>
            <posy>1060</posy>
            <width>463</width>
            <height>79</height>
            <texture flipx="true">list/bg_facade_nofocus_top.png</texture>
        </control>
        <control type="image">
            <posx>128</posx>
            <posy>1060</posy>
            <width>463</width>
            <height>79</height>
            <texture flipx="true">list/bg_facade_nofocus_top.png</texture>
        </control>
        <control type="image">
            <visible>!Window.IsVisible(CustomPlexHomeSettings.xml)</visible>
            <posx>605</posx>
            <posy>540</posy>
            <width>463</width>
            <height>79</height>
            <texture flipx="true">list/bg_facade_nofocus_top.png</texture>
        </control>
        <control type="image">
            <visible>!Window.IsVisible(CustomPlexHomeSettings.xml)</visible>
            <posx>605</posx>
            <posy>540</posy>
            <width>463</width>
            <height>79</height>
            <texture flipx="true">list/bg_facade_nofocus_top.png</texture>
        </control>
        <control type="image">
            <visible>!Window.IsVisible(CustomPlexHomeSettings.xml)</visible>
            <posx>605</posx>
            <posy>865</posy>
            <width>463</width>
            <height>79</height>
            <texture flipx="true">list/bg_facade_nofocus_top.png</texture>
        </control>
        <control type="scrollbar" id="260">
            <posx>118</posx>
            <posy>424</posy>
            <height>715</height>
            <include>VerticalScroller</include>
            <onleft>260</onleft>
            <onright>211</onright>
        </control>
    </include>
    <include name="SkinShortcuts_MainMenu_Horizontal">
        <posx>128</posx>
        <posy>732</posy>
        <width>1230</width>
        <height>803</height>
        <itemgap>0</itemgap>
        <onright>211</onright>
        <onleft>211</onleft>
        <ondown>260</ondown>
        <onup>300</onup>
        <orientation>horizontal</orientation>
        <viewtype label="535">list</viewtype>
        <preloaditems>2</preloaditems>
        <pagecontrol>260</pagecontrol>
        <movement>0</movement>
        <focusposition>1</focusposition>
        <itemlayout height="262" width="417">
            <control type="image">
                <visible>String.StartsWith(ListItem.Property(LabelID),weather)</visible>
                <animation effect="fade" start="100" end="50" time="100" condition="[String.IsEqual(ListItem.Property(skinshortcuts-disabled),True) + Window.IsVisible(script-skinshortcuts.xml)]">Conditional</animation>
                <posx>29</posx>
                <posy>9</posy>
                <width>359</width>
                <height>225</height>
                <texture background="true">special://skin/backgrounds/Weather.jpg</texture>
                <aspectratio scalediffuse="false" aligny="bottom">keep</aspectratio>
                <include>ThumbBorder</include>
                <colordiffuse>UnfocusedIconColor</colordiffuse>
            </control>
            <control type="image">
                <visible>!String.StartsWith(ListItem.Property(LabelID),weather)</visible>
                <animation effect="fade" start="100" end="50" time="100" condition="[String.IsEqual(ListItem.Property(hide),True) + Window.IsVisible(CustomPlexHomeSettings.xml)]|[String.IsEqual(ListItem.Property(skinshortcuts-disabled),True) + Window.IsVisible(script-skinshortcuts.xml)]">Conditional</animation>
                <posx>29</posx>
                <posy>9</posy>
                <width>359</width>
                <height>225</height>
                <texture background="true" fallback="special://skin/backgrounds/default/default.jpg">$INFO[ListItem.Icon]</texture>
                <aspectratio scalediffuse="false" aligny="bottom">keep</aspectratio>
                <include>ThumbBorder</include>
                <colordiffuse>UnfocusedIconColor</colordiffuse>
            </control>
            <control type="label">
                <visible>[String.IsEqual(ListItem.Property(hide),True) + Window.IsVisible(CustomPlexHomeSettings.xml)]|[String.IsEqual(ListItem.Property(skinshortcuts-disabled),True) + Window.IsVisible(script-skinshortcuts.xml)]</visible>
                <posx>3</posx>
                <posy>0</posy>
                <width>390</width>
                <height>243</height>
                <align>center</align>
                <textcolor>ListNoFocusColor</textcolor>
                <label>$LOCALIZE[13106]</label>
            </control>
            <control type="image">
                <visible>!String.StartsWith(ListItem.Property(LabelID),weather)</visible>
                <animation effect="rotate" start="0" end="180" center="208,224" reversible="false" condition="true">Conditional</animation>
                <posx>29</posx>
                <posy>9</posy>
                <width>359</width>
                <height>225</height>
                <aspectratio scalediffuse="false" aligny="bottom">keep</aspectratio>
                <texture flipx="true" background="true" diffuse="common/Thumb_Mask.png" fallback="special://skin/backgrounds/default/default.jpg">$INFO[ListItem.Icon]</texture>
                <bordertexture diffuse="common/Thumb_Mask.png" border="27">common/JewelCase.png</bordertexture>
                <bordersize>27</bordersize>
            </control>
            <control type="image">
                <visible>String.StartsWith(ListItem.Property(LabelID),weather)</visible>
                <animation effect="rotate" start="0" end="180" center="208,224" reversible="false" condition="true">Conditional</animation>
                <posx>29</posx>
                <posy>9</posy>
                <width>359</width>
                <height>225</height>
                <aspectratio scalediffuse="false" aligny="bottom">keep</aspectratio>
                <texture flipx="true" background="true" diffuse="common/Thumb_Mask.png">special://skin/backgrounds/Weather.jpg</texture>
                <bordertexture diffuse="common/Thumb_Mask.png" border="27">common/JewelCase.png</bordertexture>
                <bordersize>27</bordersize>
            </control>
        </itemlayout>
        <focusedlayout height="262" width="396">
            <control type="image">
                <visible>String.StartsWith(ListItem.Property(LabelID),weather)</visible>
                <animation effect="fade" start="100" end="50" time="100" condition="[String.IsEqual(ListItem.Property(skinshortcuts-disabled),True) + Window.IsVisible(script-skinshortcuts.xml)]">Conditional</animation>
                <posx>3</posx>
                <posy>0</posy>
                <width>390</width>
                <height>243</height>
                <aspectratio scalediffuse="false" aligny="bottom">keep</aspectratio>
                <texture background="true">special://skin/backgrounds/Weather.jpg</texture>
                <include>ThumbBorderOverlay</include>
            </control>
            <control type="image">
                <visible>!String.StartsWith(ListItem.Property(LabelID),weather)</visible>
                <animation effect="fade" start="100" end="50" time="100" condition="[String.IsEqual(ListItem.Property(hide),True) + Window.IsVisible(CustomPlexHomeSettings.xml)]|[String.IsEqual(ListItem.Property(skinshortcuts-disabled),True) + Window.IsVisible(script-skinshortcuts.xml)]">Conditional</animation>
                <posx>3</posx>
                <posy>0</posy>
                <width>390</width>
                <height>243</height>
                <aspectratio scalediffuse="false" aligny="bottom">keep</aspectratio>
                <texture background="true" fallback="special://skin/backgrounds/default/default.jpg">$INFO[ListItem.Icon]</texture>
                <include>ThumbBorderOverlay</include>
            </control>
            <control type="label">
                <visible>[String.IsEqual(ListItem.Property(hide),True) + Window.IsVisible(CustomPlexHomeSettings.xml)]|[String.IsEqual(ListItem.Property(skinshortcuts-disabled),True) + Window.IsVisible(script-skinshortcuts.xml)]</visible>
                <posx>3</posx>
                <posy>0</posy>
                <width>390</width>
                <height>243</height>
                <align>center</align>
                <textcolor>ListFocusColor</textcolor>
                <label>$LOCALIZE[13106]</label>
            </control>
            <control type="image">
                <visible>!String.StartsWith(ListItem.Property(LabelID),weather)</visible>
                <animation effect="rotate" start="0" end="180" center="198,233" reversible="false" condition="true">Conditional</animation>
                <posx>3</posx>
                <posy>0</posy>
                <width>390</width>
                <height>243</height>
                <aspectratio scalediffuse="false" aligny="bottom">keep</aspectratio>
                <texture flipx="true" background="true" diffuse="common/Thumb_Mask.png" fallback="special://skin/backgrounds/default/default.jpg">$INFO[ListItem.Icon]</texture>
                <include>ThumbBorderOverlayDiffused</include>
            </control>
            <control type="image">
                <visible>String.StartsWith(ListItem.Property(LabelID),weather)</visible>
                <animation effect="rotate" start="0" end="180" center="198,233" reversible="false" condition="true">Conditional</animation>
                <posx>3</posx>
                <posy>0</posy>
                <width>390</width>
                <height>243</height>
                <aspectratio scalediffuse="false" aligny="bottom">keep</aspectratio>
                <texture flipx="true" background="true" diffuse="common/Thumb_Mask.png">special://skin/backgrounds/Weather.jpg</texture>
                <include>ThumbBorderOverlayDiffused</include>
            </control>
        </focusedlayout>
        <include condition="Skin.HasSetting(plexbmc)+Window.isactive(CustomPlexHomeSettings.xml)">Plexbmc.Items.SkinSettings</include>
    </include>
    <include name="SkinShortcuts_MainMenu_Horizontal_BG">
        <posx>128</posx>
        <posy>382</posy>
        <width>1230</width>
        <height>803</height>
        <itemgap>0</itemgap>
        <onright>211</onright>
        <onleft>211</onleft>
        <ondown>260</ondown>
        <onup>300</onup>
        <orientation>horizontal</orientation>
        <viewtype label="535">list</viewtype>
        <preloaditems>2</preloaditems>
        <pagecontrol>260</pagecontrol>
        <movement>0</movement>
        <focusposition>1</focusposition>
        <itemlayout height="750" width="1077">
            <control type="group">
                <posx>103</posx>
                <control type="image">
                    <visible>String.StartsWith(ListItem.Property(LabelID),weather)</visible>
                    <animation effect="fade" start="100" end="50" time="100" condition="[String.IsEqual(ListItem.Property(skinshortcuts-disabled),True) + Window.IsVisible(script-skinshortcuts.xml)]">Conditional</animation>
                    <posx>-27</posx>
                    <posy>0</posy>
                    <width>1077</width>
                    <height>601</height>
                    <texture background="true" diffuse="common/bg_panel_skinsettings_diffuse.png">special://skin/backgrounds/Weather.jpg</texture>
                </control>
                <control type="image">
                    <visible>!String.StartsWith(ListItem.Property(LabelID),weather)</visible>
                    <animation effect="fade" start="100" end="50" time="100" condition="[String.IsEqual(ListItem.Property(hide),True) + Window.IsVisible(CustomPlexHomeSettings.xml)]|[String.IsEqual(ListItem.Property(skinshortcuts-disabled),True) + Window.IsVisible(script-skinshortcuts.xml)]">Conditional</animation>
                    <posx>-27</posx>
                    <posy>0</posy>
                    <width>1077</width>
                    <height>601</height>
                    <texture background="true" diffuse="common/bg_panel_skinsettings_diffuse.png" fallback="special://skin/backgrounds/default/default2.jpg">$INFO[ListItem.Icon]</texture>
                </control>
                <control type="label">
                    <visible>[String.IsEqual(ListItem.Property(hide),True) + Window.IsVisible(CustomPlexHomeSettings.xml)]|[String.IsEqual(ListItem.Property(skinshortcuts-disabled),True) + Window.IsVisible(script-skinshortcuts.xml)]</visible>
                    <posx>-27</posx>
                    <posy>0</posy>
                    <width>1077</width>
                    <height>601</height>
                    <align>center</align>
                    <textcolor>ListNoFocusColor</textcolor>
                    <label>$LOCALIZE[13106]</label>
                </control>
                <control type="image">
                    <posx>-27</posx>
                    <posy>0</posy>
                    <width>1077</width>
                    <height>601</height>
                    <texture diffuse="common/bg_panel_skinsettings_diffuse.png">common/basichome_downer_gradient.png</texture>
                </control>
                <control type="image">
                    <posx>-27</posx>
                    <posy>-10</posy>
                    <width>1077</width>
                    <height>621</height>
                    <texture border="90">common/bg_panel_home.png</texture>
                </control>
            </control>
        </itemlayout>
        <focusedlayout height="750" width="1077">
            <control type="group">
                <posx>103</posx>
                <control type="image">
                    <visible>String.StartsWith(ListItem.Property(LabelID),weather)</visible>
                    <animation effect="fade" start="100" end="50" time="100" condition="[String.IsEqual(ListItem.Property(skinshortcuts-disabled),True) + Window.IsVisible(script-skinshortcuts.xml)]">Conditional</animation>
                    <posx>-27</posx>
                    <posy>0</posy>
                    <width>1077</width>
                    <height>601</height>
                    <texture background="true" diffuse="common/bg_panel_skinsettings_diffuse.png">special://skin/backgrounds/weather.jpg</texture>
                </control>
                <control type="image">
                    <visible>!String.StartsWith(ListItem.Property(LabelID),weather)</visible>
                    <animation effect="fade" start="100" end="50" time="100" condition="[String.IsEqual(ListItem.Property(hide),True) + Window.IsVisible(CustomPlexHomeSettings.xml)]|[String.IsEqual(ListItem.Property(skinshortcuts-disabled),True) + Window.IsVisible(script-skinshortcuts.xml)]">Conditional</animation>
                    <posx>-27</posx>
                    <posy>0</posy>
                    <width>1077</width>
                    <height>601</height>
                    <texture background="true" diffuse="common/bg_panel_skinsettings_diffuse.png" fallback="special://skin/backgrounds/default/default2.jpg">$INFO[ListItem.Icon]</texture>
                </control>
                <control type="label">
                    <visible>[String.IsEqual(ListItem.Property(hide),True) + Window.IsVisible(CustomPlexHomeSettings.xml)]|[String.IsEqual(ListItem.Property(skinshortcuts-disabled),True) + Window.IsVisible(script-skinshortcuts.xml)]</visible>
                    <posx>-27</posx>
                    <posy>0</posy>
                    <width>1077</width>
                    <height>601</height>
                    <align>center</align>
                    <textcolor>ListNoFocusColor</textcolor>
                    <label>$LOCALIZE[13106]</label>
                </control>
                <control type="image">
                    <posx>-27</posx>
                    <posy>0</posy>
                    <width>1077</width>
                    <height>601</height>
                    <texture diffuse="common/bg_panel_skinsettings_diffuse.png">common/basichome_downer_gradient.png</texture>
                </control>
                <control type="image">
                    <posx>-27</posx>
                    <posy>-10</posy>
                    <width>1077</width>
                    <height>621</height>
                    <texture border="90">common/bg_panel_home.png</texture>
                </control>
            </control>
        </focusedlayout>
        <include condition="Skin.HasSetting(plexbmc)+Window.isactive(CustomPlexHomeSettings.xml)">Plexbmc.Items.SkinSettings</include>
    </include>
    <include name="SkinShortcuts_MainMenu_Vertical">
        <posx>128</posx>
        <posy>424</posy>
        <width>463</width>
        <height>715</height>
        <itemgap>0</itemgap>
        <onright>300</onright>
        <onleft>260</onleft>
        <ondown>211</ondown>
        <onup>211</onup>
        <orientation>vertical</orientation>
        <viewtype label="535">list</viewtype>
        <preloaditems>2</preloaditems>
        <pagecontrol>260</pagecontrol>
        <focusposition>5</focusposition>
        <movement>5</movement>
        <itemlayout height="65" width="463">
            <control type="image">
                <posx>0</posx>
                <posy>0</posy>
                <width>463</width>
                <height>65</height>
                <texture flipx="true" border="3">list/bg_facade_nofocus.png</texture>
            </control>
            <control type="label">
                <animation effect="fade" start="100" end="50" time="100" condition="[String.IsEqual(ListItem.Property(hide),True) + Window.IsVisible(CustomPlexHomeSettings.xml)]|[String.IsEqual(ListItem.Property(skinshortcuts-disabled),True) + Window.IsVisible(script-skinshortcuts.xml)]">Conditional</animation>
                <posx>TextMargin</posx>
                <height>63</height>
                <width>373</width>
                <align>right</align>
                <font>FacadeListMainFont</font>
                <textcolor>ListNoFocusColor</textcolor>
                <label>$INFO[ListItem.Label]</label>
                <scroll>false</scroll>
            </control>
        </itemlayout>
        <focusedlayout height="65" width="463">
            <control type="image">
                <posx>0</posx>
                <posy>0</posy>
                <width>463</width>
                <height>65</height>
                <include>FlippedFacadeFocus</include>
            </control>
            <control type="label">
                <animation effect="fade" start="100" end="50" time="100" condition="[String.IsEqual(ListItem.Property(hide),True) + Window.IsVisible(CustomPlexHomeSettings.xml)]|[String.IsEqual(ListItem.Property(skinshortcuts-disabled),True) + Window.IsVisible(script-skinshortcuts.xml)]">Conditional</animation>
                <posx>TextMargin</posx>
                <height>63</height>
                <width>373</width>
                <align>right</align>
                <font>FacadeListMainFont</font>
                <textcolor>ListFocusColor</textcolor>
                <label>$INFO[ListItem.Label]</label>
            </control>
        </focusedlayout>
        <include condition="Skin.HasSetting(plexbmc)+Window.isactive(CustomPlexHomeSettings.xml)">Plexbmc.Items.SkinSettings</include>
    </include>
    <include name="SkinShortcuts_Widgets_Horizontal">
        <control type="group">
            <posx>128</posx>
            <posy>650</posy>
            <width>246</width>
            <height>85</height>
            <control type="button" id="31200">
                <posx>0</posx>
                <posy>0</posy>
                <width>246</width>
                <height>85</height>
                <label>-</label>
                <onclick>SendClick(312)</onclick>
                <include>LeftMenuButton</include>
            </control>
            <control type="label">
                <posx>20</posx>
                <posy>3</posy>
                <width>206</width>
                <height>50</height>
                <align>center</align>
                <font>LeftMenuTitleFont</font>
                <textcolor>AlternateColor</textcolor>
                <label>$ADDON[script.skinshortcuts 32099] 1</label>
            </control>
            <control type="label">
                <posx>20</posx>
                <posy>32</posy>
                <width>206</width>
                <height>50</height>
                <align>center</align>
                <font>InfoTitleSubFont</font>
                <scroll>true</scroll>
                <label fallback="231">$INFO[Container(211).ListItem.Property(widgetName)]</label>
            </control>
        </control>
        <control type="group">
            <posx>374</posx>
            <posy>650</posy>
            <width>246</width>
            <height>85</height>
            <control type="button" id="31201">
                <posx>0</posx>
                <posy>0</posy>
                <width>246</width>
                <height>85</height>
                <label>-</label>
                <onclick>SetProperty(widgetID,1)</onclick>
                <onclick>SendClick(312)</onclick>
                <include>LeftMenuButton</include>
            </control>
            <control type="label">
                <posx>20</posx>
                <posy>3</posy>
                <width>206</width>
                <height>50</height>
                <align>center</align>
                <font>LeftMenuTitleFont</font>
                <textcolor>AlternateColor</textcolor>
                <label>$ADDON[script.skinshortcuts 32099] 2</label>
            </control>
            <control type="label">
                <posx>20</posx>
                <posy>32</posy>
                <width>206</width>
                <height>50</height>
                <align>center</align>
                <font>InfoTitleSubFont</font>
                <scroll>true</scroll>
                <label fallback="231">$INFO[Container(211).ListItem.Property(widgetName.1)]</label>
            </control>
        </control>
        <control type="group">
            <posx>620</posx>
            <posy>650</posy>
            <width>246</width>
            <height>85</height>
            <control type="button" id="31202">
                <posx>0</posx>
                <posy>0</posy>
                <width>246</width>
                <height>85</height>
                <label>-</label>
                <onclick>SetProperty(widgetID,2)</onclick>
                <onclick>SendClick(312)</onclick>
                <include>LeftMenuButton</include>
            </control>
            <control type="label">
                <posx>20</posx>
                <posy>3</posy>
                <width>206</width>
                <height>50</height>
                <align>center</align>
                <font>LeftMenuTitleFont</font>
                <textcolor>AlternateColor</textcolor>
                <label>$ADDON[script.skinshortcuts 32099] 3</label>
            </control>
            <control type="label">
                <posx>20</posx>
                <posy>32</posy>
                <width>206</width>
                <height>50</height>
                <align>center</align>
                <font>InfoTitleSubFont</font>
                <scroll>true</scroll>
                <label fallback="231">$INFO[Container(211).ListItem.Property(widgetName.2)]</label>
            </control>
        </control>
        <control type="group">
            <posx>866</posx>
            <posy>650</posy>
            <width>246</width>
            <height>85</height>
            <control type="button" id="31203">
                <posx>0</posx>
                <posy>0</posy>
                <width>246</width>
                <height>85</height>
                <label>-</label>
                <onclick>SetProperty(widgetID,3)</onclick>
                <onclick>SendClick(312)</onclick>
                <include>LeftMenuButton</include>
            </control>
            <control type="label">
                <posx>20</posx>
                <posy>3</posy>
                <width>206</width>
                <height>50</height>
                <align>center</align>
                <font>LeftMenuTitleFont</font>
                <textcolor>AlternateColor</textcolor>
                <label>$ADDON[script.skinshortcuts 32099] 4</label>
            </control>
            <control type="label">
                <posx>20</posx>
                <posy>32</posy>
                <width>206</width>
                <height>50</height>
                <align>center</align>
                <font>InfoTitleSubFont</font>
                <scroll>true</scroll>
                <label fallback="231">$INFO[Container(211).ListItem.Property(widgetName.3)]</label>
            </control>
        </control>
        <control type="group">
            <posx>1112</posx>
            <posy>650</posy>
            <width>246</width>
            <height>85</height>
            <control type="button" id="31204">
                <posx>0</posx>
                <posy>0</posy>
                <width>246</width>
                <height>85</height>
                <label>-</label>
                <onclick>SetProperty(widgetID,4)</onclick>
                <onclick>SendClick(312)</onclick>
                <include>LeftMenuButton</include>
            </control>
            <control type="label">
                <posx>10</posx>\
                <posy>3</posy>
                <width>206</width>
                <height>50</height>
                <align>center</align>
                <font>LeftMenuTitleFont</font>
                <textcolor>AlternateColor</textcolor>
                <label>$ADDON[script.skinshortcuts 32099] 5</label>
            </control>
            <control type="label">
                <posx>10</posx>
                <posy>32</posy>
                <width>206</width>
                <height>50</height>
                <align>center</align>
                <font>InfoTitleSubFont</font>
                <scroll>true</scroll>
                <label fallback="231">$INFO[Container(211).ListItem.Property(widgetName.4)]</label>
            </control>
        </control>
    </include>
    <include name="SkinShortcuts_Widgets_Horizontal_BG">
        <control type="group">
            <posx>242</posx>
            <posy>800</posy>
            <width>200</width>
            <height>85</height>
            <control type="button" id="31200">
                <posx>0</posx>
                <posy>0</posy>
                <width>200</width>
                <height>85</height>
                <label>-</label>
                <onclick>SendClick(312)</onclick>
                <include>LeftMenuButton</include>
            </control>
            <control type="label">
                <posx>10</posx>
                <posy>3</posy>
                <width>180</width>
                <height>50</height>
                <align>center</align>
                <font>LeftMenuTitleFont</font>
                <textcolor>AlternateColor</textcolor>
                <label>$ADDON[script.skinshortcuts 32099] 1</label>
            </control>
            <control type="label">
                <posx>10</posx>
                <posy>32</posy>
                <width>180</width>
                <height>50</height>
                <align>center</align>
                <font>InfoTitleSubFont</font>
                <scroll>true</scroll>
                <label fallback="231">$INFO[Container(211).ListItem.Property(widgetName)]</label>
            </control>
        </control>
        <control type="group">
            <posx>442</posx>
            <posy>800</posy>
            <width>200</width>
            <height>85</height>
            <control type="button" id="31201">
                <posx>0</posx>
                <posy>0</posy>
                <width>200</width>
                <height>85</height>
                <label>-</label>
                <onclick>SetProperty(widgetID,1)</onclick>
                <onclick>SendClick(312)</onclick>
                <include>LeftMenuButton</include>
            </control>
            <control type="label">
                <posx>10</posx>
                <posy>3</posy>
                <width>180</width>
                <height>50</height>
                <align>center</align>
                <font>LeftMenuTitleFont</font>
                <textcolor>AlternateColor</textcolor>
                <label>$ADDON[script.skinshortcuts 32099] 2</label>
            </control>
            <control type="label">
                <posx>10</posx>
                <posy>32</posy>
                <width>180</width>
                <height>50</height>
                <align>center</align>
                <font>InfoTitleSubFont</font>
                <scroll>true</scroll>
                <label fallback="231">$INFO[Container(211).ListItem.Property(widgetName.1)]</label>
            </control>
        </control>
        <control type="group">
            <posx>642</posx>
            <posy>800</posy>
            <width>200</width>
            <height>85</height>
            <control type="button" id="31202">
                <posx>0</posx>
                <posy>0</posy>
                <width>200</width>
                <height>85</height>
                <label>-</label>
                <onclick>SetProperty(widgetID,2)</onclick>
                <onclick>SendClick(312)</onclick>
                <include>LeftMenuButton</include>
            </control>
            <control type="label">
                <posx>10</posx>
                <posy>3</posy>
                <width>180</width>
                <height>50</height>
                <align>center</align>
                <font>LeftMenuTitleFont</font>
                <textcolor>AlternateColor</textcolor>
                <label>$ADDON[script.skinshortcuts 32099] 3</label>
            </control>
            <control type="label">
                <posx>10</posx>
                <posy>32</posy>
                <width>180</width>
                <height>50</height>
                <align>center</align>
                <font>InfoTitleSubFont</font>
                <scroll>true</scroll>
                <label fallback="231">$INFO[Container(211).ListItem.Property(widgetName.2)]</label>
            </control>
        </control>
        <control type="group">
            <posx>842</posx>
            <posy>800</posy>
            <width>200</width>
            <height>85</height>
            <control type="button" id="31203">
                <posx>0</posx>
                <posy>0</posy>
                <width>200</width>
                <height>85</height>
                <label>-</label>
                <onclick>SetProperty(widgetID,3)</onclick>
                <onclick>SendClick(312)</onclick>
                <include>LeftMenuButton</include>
            </control>
            <control type="label">
                <posx>10</posx>
                <posy>3</posy>
                <width>180</width>
                <height>50</height>
                <align>center</align>
                <font>LeftMenuTitleFont</font>
                <textcolor>AlternateColor</textcolor>
                <label>$ADDON[script.skinshortcuts 32099] 4</label>
            </control>
            <control type="label">
                <posx>10</posx>
                <posy>32</posy>
                <width>180</width>
                <height>50</height>
                <align>center</align>
                <font>InfoTitleSubFont</font>
                <scroll>true</scroll>
                <label fallback="231">$INFO[Container(211).ListItem.Property(widgetName.3)]</label>
            </control>
        </control>
        <control type="group">
            <posx>1042</posx>
            <posy>800</posy>
            <width>202</width>
            <height>85</height>
            <control type="button" id="31204">
                <posx>0</posx>
                <posy>0</posy>
                <width>202</width>
                <height>85</height>
                <label>-</label>
                <onclick>SetProperty(widgetID,4)</onclick>
                <onclick>SendClick(312)</onclick>
                <include>LeftMenuButton</include>
            </control>
            <control type="label">
                <posx>10</posx>
                <posy>3</posy>
                <width>180</width>
                <height>50</height>
                <align>center</align>
                <font>LeftMenuTitleFont</font>
                <textcolor>AlternateColor</textcolor>
                <label>$ADDON[script.skinshortcuts 32099] 5</label>
            </control>
            <control type="label">
                <posx>10</posx>
                <posy>32</posy>
                <width>180</width>
                <height>50</height>
                <align>center</align>
                <font>InfoTitleSubFont</font>
                <scroll>true</scroll>
                <label fallback="231">$INFO[Container(211).ListItem.Property(widgetName.4)]</label>
            </control>
        </control>
    </include>
    <include name="SkinShortcuts_Widgets_Vertical">
        <control type="group">
            <posx>605</posx>
            <posy>619</posy>
            <width>463</width>
            <height>65</height>
            <control type="button" id="31200">
                <posx>0</posx>
                <posy>0</posy>
                <width>463</width>
                <height>65</height>
                <label>-</label>
                <onclick>SendClick(312)</onclick>
                <include>LeftMenuButton</include>
            </control>
            <control type="label">
                <posx>TextMarginR</posx>
                <posy>3</posy>
                <width>373</width>
                <height>30</height>
                <align>right</align>
                <font>LeftMenuTitleFont</font>
                <textcolor>AlternateColor</textcolor>
                <label>$ADDON[script.skinshortcuts 32099] 1</label>
            </control>
            <control type="label">
                <posx>TextMarginR</posx>
                <posy>32</posy>
                <width>373</width>
                <height>30</height>
                <align>right</align>
                <font>InfoTitleSubFont</font>
                <scroll>true</scroll>
                <label fallback="231">$INFO[Container(211).ListItem.Property(widgetName)]</label>
            </control>
        </control>
        <control type="group">
            <posx>605</posx>
            <posy>684</posy>
            <width>463</width>
            <height>65</height>
            <control type="button" id="31201">
                <posx>0</posx>
                <posy>0</posy>
                <width>463</width>
                <height>65</height>
                <label>-</label>
                <onclick>SetProperty(widgetID,1)</onclick>
                <onclick>SendClick(312)</onclick>
                <include>LeftMenuButton</include>
            </control>
            <control type="label">
                <posx>TextMarginR</posx>
                <posy>3</posy>
                <width>373</width>
                <height>30</height>
                <align>right</align>
                <font>LeftMenuTitleFont</font>
                <textcolor>AlternateColor</textcolor>
                <label>$ADDON[script.skinshortcuts 32099] 2</label>
            </control>
            <control type="label">
                <posx>TextMarginR</posx>
                <posy>32</posy>
                <width>373</width>
                <height>30</height>
                <align>right</align>
                <font>InfoTitleSubFont</font>
                <scroll>true</scroll>
                <label fallback="231">$INFO[Container(211).ListItem.Property(widgetName.1)]</label>
            </control>
        </control>
        <control type="group">
            <posx>605</posx>
            <posy>749</posy>
            <width>463</width>
            <height>65</height>
            <control type="button" id="31202">
                <posx>0</posx>
                <posy>0</posy>
                <width>463</width>
                <height>65</height>
                <label>-</label>
                <onclick>SetProperty(widgetID,2)</onclick>
                <onclick>SendClick(312)</onclick>
                <include>LeftMenuButton</include>
            </control>
            <control type="label">
                <posx>TextMarginR</posx>
                <posy>3</posy>
                <width>373</width>
                <height>30</height>
                <align>right</align>
                <font>LeftMenuTitleFont</font>
                <textcolor>AlternateColor</textcolor>
                <label>$ADDON[script.skinshortcuts 32099] 3</label>
            </control>
            <control type="label">
                <posx>TextMarginR</posx>
                <posy>32</posy>
                <width>373</width>
                <height>30</height>
                <align>right</align>
                <font>InfoTitleSubFont</font>
                <scroll>true</scroll>
                <label fallback="231">$INFO[Container(211).ListItem.Property(widgetName.2)]</label>
            </control>
        </control>
        <control type="group">
            <posx>605</posx>
            <posy>814</posy>
            <width>463</width>
            <height>65</height>
            <control type="button" id="31203">
                <posx>0</posx>
                <posy>0</posy>
                <width>463</width>
                <height>65</height>
                <label>-</label>
                <onclick>SetProperty(widgetID,3)</onclick>
                <onclick>SendClick(312)</onclick>
                <include>LeftMenuButton</include>
            </control>
            <control type="label">
                <posx>TextMarginR</posx>
                <posy>3</posy>
                <width>373</width>
                <height>30</height>
                <align>right</align>
                <font>LeftMenuTitleFont</font>
                <textcolor>AlternateColor</textcolor>
                <label>$ADDON[script.skinshortcuts 32099] 4</label>
            </control>
            <control type="label">
                <posx>TextMarginR</posx>
                <posy>32</posy>
                <width>373</width>
                <height>30</height>
                <align>right</align>
                <font>InfoTitleSubFont</font>
                <scroll>true</scroll>
                <label fallback="231">$INFO[Container(211).ListItem.Property(widgetName.3)]</label>
            </control>
        </control>
        <control type="group">
            <posx>605</posx>
            <posy>879</posy>
            <width>463</width>
            <height>65</height>
            <control type="button" id="31204">
                <posx>0</posx>
                <posy>0</posy>
                <width>463</width>
                <height>65</height>
                <label>-</label>
                <onclick>SetProperty(widgetID,4)</onclick>
                <onclick>SendClick(312)</onclick>
                <include>LeftMenuButton</include>
            </control>
            <control type="label">
                <posx>TextMarginR</posx>
                <posy>3</posy>
                <width>373</width>
                <height>30</height>
                <align>right</align>
                <font>LeftMenuTitleFont</font>
                <textcolor>AlternateColor</textcolor>
                <label>$ADDON[script.skinshortcuts 32099] 5</label>
            </control>
            <control type="label">
                <posx>TextMarginR</posx>
                <posy>32</posy>
                <width>373</width>
                <height>30</height>
                <align>right</align>
                <font>InfoTitleSubFont</font>
                <scroll>true</scroll>
                <label fallback="231">$INFO[Container(211).ListItem.Property(widgetName.4)]</label>
            </control>
        </control>
    </include>
</includes>
