<?xml version="1.0" encoding="utf-8"?>
<includes>
    <include name="ViewModes">
        <include condition="Window.IsVisible(MyVideoNav.xml)">MyVideoNav50</include>
        <include condition="[Window.IsVisible(AddonBrowser.xml)|Window.IsVisible(MyMusicNav.xml)|Window.IsVisible(MyMusicSongs.xml)|Window.IsVisible(MyPics.xml)|Window.IsVisible(MyPrograms.xml)]">AddonBrowser50</include>
        <include condition="[Window.IsVisible(MyPVRChannels.xml)|Window.IsVisible(MyPVRRecordings.xml)|Window.IsVisible(MyPVRSearch.xml)|Window.IsVisible(MyPVRTimers.xml)]">MyPvr50</include>
    </include>
    <include name="MyVideoNav50">
        <views>50,52,54,56,51,55,53,57,58,59,5050</views>
    </include>
    <include name="AddonBrowser50">
        <views>50,52,54,51,55,53,57,58,59,5050</views>
    </include>
    <include name="MyPvr50">
        <views>50,52,54</views>
    </include>
</includes>
