<?xml version="1.0" encoding="utf-8"?>
<window>
    <defaultcontrol>52</defaultcontrol>
    <include condition="!Skin.HasSetting(BlackGlassMode)|Skin.HasSetting(DisableSlidingAnimations)">OpenClose</include>
    <controls>
        <include>Fanart_Art</include>
        <include>Player_Show</include>
        <include>Time</include>
        <control type="label">
            <include condition="Skin.HasSetting(BlackGlassMode)+!Skin.HasSetting(DisableSlidingAnimations)">OpenCloseSlideRight</include>
            <include>WindowTitle</include>
            <label>$LOCALIZE[10029]</label>
        </control>
        <control type="label">
            <include condition="Skin.HasSetting(BlackGlassMode)+!Skin.HasSetting(DisableSlidingAnimations)">OpenCloseSlideRight</include>
            <include>WindowTitleSub</include>
            <label>$LOCALIZE[13200]</label>
        </control>
        <control type="group">
            <include condition="Skin.HasSetting(BlackGlassMode)+!Skin.HasSetting(DisableSlidingAnimations)">OpenCloseSlideRight</include>
            <control type="button" id="11">
                <posx>1387</posx>
                <posy>266</posy>
                <height>50</height>
                <width>50</width>
                <onright>52</onright>
                <textoffsetx>20</textoffsetx>
                <texturenofocus>topbar/topbar_exit_nofocus.png</texturenofocus>
                <texturefocus>topbar/topbar_exit_focus.png</texturefocus>
                <onclick>ActivateWindow(shutdownmenu)</onclick>
                <label>-</label>
            </control>
            <control type="image">
                <posx>483</posx>
                <posy>270</posy>
                <width>954</width>
                <height>540</height>
                <texture border="94">common/bg_dialog.png</texture>
            </control>
            <control type="group">
                <posx>528</posx>
                <posy>307</posy>
                <control type="label">
                    <posx>45</posx>
                    <posy>5</posy>
                    <width>774</width>
                    <height>100</height>
                    <font>InfoTitleFont</font>
                    <textcolor>MainColor</textcolor>
                    <align>center</align>
                    <label>$LOCALIZE[13200]</label>
                </control>
                <control type="label">
                    <posx>45</posx>
                    <posy>65</posy>
                    <width>774</width>
                    <align>center</align>
                    <font>InfoTitleSubFont</font>
                    <textcolor>AlternateColor</textcolor>
                    <info>Container(52).ListItem.Label2</info>
                </control>
                <control type="image">
                    <posx>0</posx>
                    <posy>38</posy>
                    <width>864</width>
                    <height>79</height>
                    <texture>list/bg_facade_nofocus_top.png</texture>
                </control>
                <control type="image">
                    <posx>600</posx>
                    <posy>117</posy>
                    <height>335</height>
                    <width>250</width>
                    <texture flipx="true">list/bg_strip_horizontal_left.png</texture>
                    <colordiffuse>90ffffff</colordiffuse>
                </control>
                <control type="image">
                    <posx>599</posx>
                    <posy>117</posy>
                    <width>2</width>
                    <height>335</height>
                    <texture>list/bg_facade_vertical.png</texture>
                </control>
                <control type="image">
                    <posx>600</posx>
                    <posy>117</posy>
                    <width>264</width>
                    <height>264</height>
                    <include>SquareThumb</include>
                    <include>ThumbBorder</include>
                </control>
                <control type="panel" id="52">
                    <posx>0</posx>
                    <posy>117</posy>
                    <width>600</width>
                    <height>292</height>
                    <onleft>11</onleft>
                    <onright>11</onright>
                    <onup>52</onup>
                    <ondown>52</ondown>
                    <pagecontrol>-</pagecontrol>
                    <scrolltime>240</scrolltime>
                    <itemlayout width="600" height="73">
                        <control type="image">
                            <posx>0</posx>
                            <posy>0</posy>
                            <height>73</height>
                            <width>600</width>
                            <texture border="3">list/bg_facade_nofocus.png</texture>
                        </control>
                        <control type="label">
                            <posx>25</posx>
                            <height>71</height>
                            <width>530</width>
                            <font>FacadeListMainFont</font>
                            <textcolor>ListNoFocusColor</textcolor>
                            <label>$INFO[ListItem.Label]</label>
                            <scroll>false</scroll>
                        </control>
                    </itemlayout>
                    <focusedlayout width="600" height="73">
                        <control type="image">
                            <posx>0</posx>
                            <posy>0</posy>
                            <height>73</height>
                            <width>600</width>
                            <include>FacadeFocus</include>
                        </control>
                        <control type="label">
                            <posx>25</posx>
                            <height>71</height>
                            <width>530</width>
                            <font>FacadeListMainFont</font>
                            <textcolor>ListFocusColor</textcolor>
                            <label>$INFO[ListItem.Label]</label>
                        </control>
                    </focusedlayout>
                </control>
            </control>
        </control>
    </controls>
</window>
