<?xml version="1.0" encoding="utf-8"?>
<window>
    <defaultcontrol>50</defaultcontrol>
    <menucontrol>9000</menucontrol>
    <include>ViewModes</include>
    <include condition="!Skin.HasSetting(BlackGlassMode)|Skin.HasSetting(DisableSlidingAnimations)">OpenClose</include>
    <controls>
        <include>Fanart_Art</include>
        <include>Player_Show</include>
        <include>Time</include>
        <include>InfoBackground</include>
        <control type="label">
            <include condition="Skin.HasSetting(BlackGlassMode)+!Skin.HasSetting(DisableSlidingAnimations)">OpenCloseSlideRight</include>
            <visible>String.IsEmpty(Window.Property(IsRadio))</visible>
            <include>WindowTitle</include>
            <label>$LOCALIZE[31500]</label>
        </control>
        <control type="label">
            <include condition="Skin.HasSetting(BlackGlassMode)+!Skin.HasSetting(DisableSlidingAnimations)">OpenCloseSlideRight</include>
            <visible>!String.IsEmpty(Window.Property(IsRadio))</visible>
            <include>WindowTitle</include>
            <label>$LOCALIZE[19021]</label>
        </control>
        <control type="label">
            <include condition="Skin.HasSetting(BlackGlassMode)+!Skin.HasSetting(DisableSlidingAnimations)">OpenCloseSlideRight</include>
            <visible>String.IsEmpty(Window.Property(IsRadio))</visible>
            <include>WindowTitleSub</include>
            <label>$LOCALIZE[137]</label>
        </control>
        <control type="label">
            <include condition="Skin.HasSetting(BlackGlassMode)+!Skin.HasSetting(DisableSlidingAnimations)">OpenCloseSlideRight</include>
            <visible>!String.IsEmpty(Window.Property(IsRadio))</visible>
            <include>WindowTitleSub</include>
            <label>$LOCALIZE[137]</label>
        </control>
        <!-- BGN -->
        <control type="group">
            <visible>!Skin.HasSetting(BlackGlassMode)</visible>
            <animation effect="slide" tween="circle" easing="out" time="250" start="0,0" end="-2690,0" condition="Control.HasFocus(505050)">conditional</animation>
            <control type="group">
                <include condition="!Skin.HasSetting(BlackGlassMode)">50_SearchView</include>
                <include condition="!Skin.HasSetting(BlackGlassMode)">52_SearchView</include>
                <include condition="!Skin.HasSetting(BlackGlassMode)">54_SearchView</include>
            </control>
        </control>
        <!-- BG -->
        <control type="group">
            <visible>Skin.HasSetting(BlackGlassMode)</visible>
            <control type="group">
                <animation effect="slide" tween="circle" easing="out" time="250" start="0,0" end="580,0" condition="[ControlGroup(9000).HasFocus()|Control.HasFocus(8999)]+!Skin.HasSetting(DisableSlidingAnimations)">conditional</animation>
                <animation effect="slide" tween="circle" easing="out" time="250" start="0,0" end="-2090,0" condition="Control.HasFocus(505050)">conditional</animation>
                <include condition="!Skin.HasSetting(DisableSlidingAnimations)">OpenCloseSlideRight</include>
                <control type="group">
                    <include condition="Skin.HasSetting(BlackGlassMode)">SearchView_BG</include>
                </control>
            </control>
        </control>
        <include>FooterInfo</include>
        <!-- SIDE MENU -->
        <include>PVRLeftMenu</include>
    </controls>
</window>
