<?xml version="1.0" encoding="UTF-8"?>
<window>
    <defaultcontrol always="true">3110</defaultcontrol>
    <menucontrol>9000</menucontrol>
    <controls>
        <include>DimBG</include>
        <control type="group">
            <include condition="Skin.HasSetting(BlackGlassMode)+!Skin.HasSetting(DisableSlidingAnimations)">OpenCloseSlideRight</include>
            <posy>-215</posy>
            <include content="WindowClosingButton">
                <param name="id" value="0"/>
                <param name="x" value="1737"/>
                <param name="y" value="240"/>
            </include>
            <control type="image">
                <posx>133</posx>
                <posy>244</posy>
                <width>1654</width>
                <height>1021</height>
                <texture border="90">common/bg_dialog.png</texture>
            </control>
            <control type="image">
                <posx>178</posx>
                <posy>292</posy>
                <width>1564</width>
                <height>90</height>
                <texture border="3">list/bg_facade_nofocus_top.png</texture>
            </control>
            <control type="label">
                <posx>223</posx>
                <posy>323</posy>
                <height>36</height>
                <width>1474</width>
                <align>center</align>
                <font>InfoTitleFont</font>
                <textcolor>MainColor</textcolor>
                <label>$ADDON[script.skin.helper.service 32011]</label>
            </control>
            <control type="image">
                <posx>1297</posx>
                <posy>382</posy>
                <width>2</width>
                <height>728</height>
                <texture>list/bg_facade_vertical.png</texture>
            </control>
            <control type="image">
                <posx>1298</posx>
                <posy>382</posy>
                <height>728</height>
                <width>375</width>
                <texture flipx="true">list/bg_strip_horizontal_left.png</texture>
                <colordiffuse>90ffffff</colordiffuse>
            </control>
            <!-- SIDE MENU -->
            <control type="grouplist" id="9000">
                <posx>1298</posx>
                <posy>382</posy>
                <width>444</width>
                <height>438</height>
                <itemgap>0</itemgap>
                <orientation>vertical</orientation>
                <ondown>9000</ondown>
                <onleft>3110</onleft>
                <!--current color name-->
                <control type="button" id="3030">
                    <visible>!String.IsEmpty(Window.Property(palettename))</visible>
                    <onright>3110</onright>
                    <label>$ADDON[script.skin.helper.service 32141]: $INFO[Window.Property(palettename)]</label>
                    <width>444</width>
                    <include>RightDialogButton</include>
                </control>
                <!-- edit manual -->
                <control type="button" id="3010">
                    <onright>3110</onright>
                    <label>$ADDON[script.skin.helper.service 32012]</label>
                    <label2>$INFO[Window.Property(colorstring)]</label2>
                    <width>444</width>
                    <include>RightDialogButton</include>
                </control>
                <!-- color preview-->
                <control type="image" id="7898">
                    <posx>0</posx>
                    <width>444</width>
                    <height>73</height>
                    <texture>common/WhiteDot.png</texture>
                    <colordiffuse>$INFO[Window.Property(colorstring)]</colordiffuse>
                    <include>RightDialogButton</include>
                </control>
            </control>
            <control type="panel" id="3110">
                <viewtype label="31438">icons</viewtype>
                <posx>178</posx>
                <posy>382</posy>
                <width>1131</width>
                <height>728</height>
                <orientation>vertical</orientation>
                <onright>60</onright>
                <onup>3110</onup>
                <ondown>3110</ondown>
                <preloaditems>4</preloaditems>
                <pagecontrol>60</pagecontrol>
                <itemlayout height="73" width="70">
                    <control type="image">
                        <posx>0</posx>
                        <posy>0</posy>
                        <width>70</width>
                        <height>73</height>
                        <texture>$INFO[ListItem.Icon]</texture>
                    </control>
                </itemlayout>
                <focusedlayout height="73" width="70">
                    <control type="image">
                        <posx>0</posx>
                        <posy>0</posy>
                        <width>70</width>
                        <height>73</height>
                        <texture>$INFO[ListItem.Icon]</texture>
                    </control>
                    <control type="image">
                        <posx>24</posx>
                        <posy>25</posy>
                        <width>22</width>
                        <height>22</height>
                        <texture>common/BlackDot.png</texture>
                        <aspectratio>stretch</aspectratio>
                    </control>
                    <control type="image">
                        <posx>25</posx>
                        <posy>26</posy>
                        <width>20</width>
                        <height>20</height>
                        <texture>common/WhiteDot.png</texture>
                        <aspectratio>stretch</aspectratio>
                    </control>
                </focusedlayout>
            </control>
            <control type="scrollbar" id="60">
                <posx>1267</posx>
                <posy>382</posy>
                <height>730</height>
                <include>VerticalScroller</include>
                <onleft>3110</onleft>
                <onright>9000</onright>
            </control>
            <control type="image">
                <posx>178</posx>
                <posy>1033</posy>
                <width>1564</width>
                <height>79</height>
                <texture>list/bg_facade_nofocus_top.png</texture>
            </control>
            <control type="grouplist" id="9001">
                <posx>178</posx>
                <posy>1119</posy>
                <width>1564</width>
                <height>90</height>
                <itemgap>30</itemgap>
                <aligny>bottom</aligny>
                <align>center</align>
                <orientation>horizontal</orientation>
                <onup>3110</onup>
                <!-- Save button -->
                <control type="button" id="3012">
                    <onright>3110</onright>
                    <label>190</label>
                </control>
            </control>
        </control>

    </controls>
</window>
