<?xml version="1.0" encoding="utf-8"?>
<window>
    <defaultcontrol always="true">15</defaultcontrol>
    <include>DialogOpenClose</include>
    <controls>
        <include>DimBG</include>
        <control type="group">
            <include condition="Skin.HasSetting(BlackGlassMode)+!Skin.HasSetting(DisableSlidingAnimations)">OpenCloseSlideRight</include>
            <posx>0</posx>
            <posy>104</posy>
            <include content="WindowClosingButton">
                <param name="id" value="0"/>
                <param name="x" value="1537"/>
                <param name="y" value="169"/>
            </include>
            <control type="image">
                <posx>333</posx>
                <posy>173</posy>
                <width>1254</width>
                <height>525</height>
                <texture border="94">common/bg_dialog.png</texture>
            </control>
            <control type="group">
                <posx>378</posx>
                <posy>210</posy>
                <control type="label">
                    <posx>45</posx>
                    <posy>18</posy>
                    <width>1074</width>
                    <height>100</height>
                    <font>InfoTitleFont</font>
                    <textcolor>MainColor</textcolor>
                    <align>center</align>
                    <label>$LOCALIZE[21422]</label>
                </control>
                <control type="image">
                    <posx>0</posx>
                    <posy>38</posy>
                    <width>1164</width>
                    <height>79</height>
                    <texture>list/bg_facade_nofocus_top.png</texture>
                </control>
                <control type="group">
                    <posy>117</posy>
                    <control type="spincontrolex" id="15">
                        <posy>0</posy>
                        <width>1164</width>
                        <include>LeftMenuButton</include>
                        <onup>17</onup>
                        <ondown>16</ondown>
                    </control>
                    <control type="label">
                        <posy>0</posy>
                        <width>1164</width>
                        <include>LeftMenuButton</include>
                        <label>$INFO[Control.GetLabel(15)]</label>
                    </control>
                    <control type="spincontrolex" id="16">
                        <posy>71</posy>
                        <width>1164</width>
                        <include>LeftMenuButton</include>
                        <onup>15</onup>
                        <ondown>17</ondown>
                    </control>
                    <control type="label">
                        <posy>71</posy>
                        <width>1164</width>
                        <include>LeftMenuButton</include>
                        <label>$INFO[Control.GetLabel(16)]</label>
                    </control>
                    <control type="edit" id="17">
                        <posy>142</posy>
                        <width>1164</width>
                        <include>LeftMenuButton</include>
                        <hinttext>21420</hinttext>
                        <onup>16</onup>
                        <ondown>9001</ondown>
                    </control>
                </control>
                <control type="group">
                    <posx>0</posx>
                    <posy>1</posy>
                    <control type="image">
                        <posx>0</posx>
                        <posy>250</posy>
                        <width>1164</width>
                        <height>79</height>
                        <texture>list/bg_facade_nofocus_top.png</texture>
                    </control>
                    <control type="grouplist" id="9001">
                        <posx>0</posx>
                        <posy>336</posy>
                        <width>1164</width>
                        <height>90</height>
                        <itemgap>20</itemgap>
                        <aligny>bottom</aligny>
                        <align>center</align>
                        <onup>17</onup>
                        <ondown>15</ondown>
                        <orientation>horizontal</orientation>
                        <control type="button" id="19">
                            <width>360</width>
                            <label>$LOCALIZE[222]</label>
                        </control>
                        <control type="button" id="20">
                            <width>360</width>
                            <label>$LOCALIZE[1024]</label>
                        </control>
                        <control type="button" id="18">
                            <width>360</width>
                            <label>$LOCALIZE[186]</label>
                        </control>
                    </control>
                </control>
            </control>
        </control>
    </controls>
</window>
