<?xml version="1.0" encoding="utf-8"?>
<window>
    <defaultcontrol always="true">10</defaultcontrol>
    <include condition="!Skin.HasSetting(BlackGlassMode)|Skin.HasSetting(DisableSlidingAnimations)">OpenClose</include>
    <controls>
        <include>Fanart_Art</include>
        <include>Player_Show</include>
        <include>Time</include>
        <control type="label">
            <include condition="Skin.HasSetting(BlackGlassMode)+!Skin.HasSetting(DisableSlidingAnimations)">OpenCloseSlideRight</include>
            <include>WindowTitle</include>
            <label>$LOCALIZE[10136]</label>
        </control>
        <control type="label">
            <include condition="Skin.HasSetting(BlackGlassMode)+!Skin.HasSetting(DisableSlidingAnimations)">OpenCloseSlideRight</include>
            <include>WindowTitleSub</include>
            <label>$VAR[GlobalSubTitles]</label>
        </control>
        <control type="group">
            <include condition="Skin.HasSetting(BlackGlassMode)+!Skin.HasSetting(DisableSlidingAnimations)">OpenCloseSlideRight</include>
            <posy>-208</posy>
            <include content="WindowClosingButton">
                <param name="id" value="0"/>
                <param name="x" value="1637"/>
                <param name="y" value="240"/>
            </include>
            <control type="image">
                <posx>233</posx>
                <posy>244</posy>
                <width>1454</width>
                <height>1008</height>
                <texture border="90">common/bg_dialog.png</texture>
            </control>
            <control type="image">
                <posx>278</posx>
                <posy>292</posy>
                <width>1364</width>
                <height>90</height>
                <texture border="3">list/bg_facade_nofocus_top.png</texture>
            </control>
            <control type="label" id="2">
                <posx>323</posx>
                <posy>323</posy>
                <height>36</height>
                <width>1274</width>
                <align>center</align>
                <font>InfoTitleFont</font>
                <textcolor>MainColor</textcolor>
                <label>-</label>
            </control>
            <control type="image">
                <posx>1209</posx>
                <posy>382</posy>
                <width>2</width>
                <height>715</height>
                <texture>list/bg_facade_vertical.png</texture>
            </control>
            <control type="image">
                <posx>1209</posx>
                <posy>382</posy>
                <height>716</height>
                <width>375</width>
                <texture flipx="true">list/bg_strip_horizontal_left.png</texture>
                <colordiffuse>90ffffff</colordiffuse>
            </control>
            <control type="group">
                <posx>278</posx>
                <posy>382</posy>
                <control type="spincontrolex" id="22">
                    <posy>0</posy>
                    <width>931</width>
                    <label>$LOCALIZE[467]</label>
                    <include>LeftMenuButton</include>
                    <reverse>yes</reverse>
                    <onleft>19</onleft>
                    <onright>19</onright>
                    <onup>9002</onup>
                    <ondown>12</ondown>
                </control>
                <control type="edit" id="12">
                    <posy>71</posy>
                    <width>931</width>
                    <include>LeftMenuButton</include>
                    <hinttext>21433</hinttext>
                    <onleft>19</onleft>
                    <onright>19</onright>
                    <onup>22</onup>
                    <ondown>10</ondown>
                </control>
                <control type="label">
                    <posy>150</posy>
                    <width>931</width>
                    <font>LeftMenuTitleFont</font>
                    <include>LeftMenuButton</include>
                    <label>$LOCALIZE[21434]</label>
                </control>
                <control type="image">
                    <posx>0</posx>
                    <posy>205</posy>
                    <width>1364</width>
                    <height>8</height>
                    <texture>list/bg_facade_separator.png</texture>
                </control>
                <control type="panel" id="10">
                    <posy>213</posy>
                    <width>931</width>
                    <height>213</height>
                    <onup>12</onup>
                    <onleft>9001</onleft>
                    <onright>61</onright>
                    <ondown>16</ondown>
                    <pagecontrol>61</pagecontrol>
                    <itemlayout width="931" height="71">
                        <control type="image">
                            <posx>0</posx>
                            <posy>0</posy>
                            <height>71</height>
                            <width>931</width>
                            <texture border="3">list/bg_facade_nofocus.png</texture>
                        </control>
                        <control type="label">
                            <posx>TextMargin</posx>
                            <height>69</height>
                            <width>841</width>
                            <font>FacadeListMainFont</font>
                            <textcolor>ListNoFocusColor</textcolor>
                            <label>$INFO[ListItem.Label]</label>
                            <scroll>false</scroll>
                        </control>
                    </itemlayout>
                    <focusedlayout width="931" height="71">
                        <control type="image">
                            <posx>0</posx>
                            <posy>0</posy>
                            <height>71</height>
                            <width>931</width>
                            <include>FacadeFocus</include>
                        </control>
                        <control type="label">
                            <posx>TextMargin</posx>
                            <height>69</height>
                            <width>841</width>
                            <font>FacadeListMainFont</font>
                            <textcolor>ListFocusColor</textcolor>
                            <label>$INFO[ListItem.Label]</label>
                            <scroll>false</scroll>
                        </control>
                    </focusedlayout>
                </control>
                <control type="scrollbar" id="61">
                    <posx>900</posx>
                    <posy>213</posy>
                    <height>213</height>
                    <onleft>10</onleft>
                    <onright>9001</onright>
                    <include>VerticalScroller</include>
                </control>
                <control type="grouplist" id="9001">
                    <posx>931</posx>
                    <posy>213</posy>
                    <width>433</width>
                    <height>213</height>
                    <onleft>10</onleft>
                    <onright>9001</onright>
                    <onup>9002</onup>
                    <ondown>9002</ondown>
                    <itemgap>0</itemgap>
                    <scrolltime>200</scrolltime>
                    <control type="button" id="13">
                        <posx>0</posx>
                        <posy>0</posy>
                        <width>433</width>
                        <include>LeftMenuButton</include>
                        <label>$LOCALIZE[15019]</label>
                    </control>
                    <control type="button" id="14">
                        <posx>0</posx>
                        <posy>0</posy>
                        <width>433</width>
                        <include>LeftMenuButton</include>
                        <label>$LOCALIZE[1210]</label>
                    </control>
                    <control type="button" id="15">
                        <posx>0</posx>
                        <posy>0</posy>
                        <width>433</width>
                        <include>LeftMenuButton</include>
                        <label>$LOCALIZE[21435]</label>
                    </control>
                </control>
                <control type="image">
                    <posx>0</posx>
                    <posy>424</posy>
                    <width>1364</width>
                    <height>8</height>
                    <texture>list/bg_facade_separator.png</texture>
                </control>
                <control type="spincontrolex" id="16">
                    <posy>432</posy>
                    <width>931</width>
                    <font>SmallButtonFont</font>
                    <include>LeftMenuButton</include>
                    <label>$LOCALIZE[21424]</label>
                    <reverse>yes</reverse>
                    <onleft>19</onleft>
                    <onright>19</onright>
                    <onup>10</onup>
                    <ondown>17</ondown>
                </control>
                <control type="spincontrolex" id="17">
                    <posy>503</posy>
                    <width>931</width>
                    <font>SmallButtonFont</font>
                    <include>LeftMenuButton</include>
                    <label>$LOCALIZE[21427]</label>
                    <reverse>yes</reverse>
                    <onleft>19</onleft>
                    <onright>19</onright>
                    <onup>16</onup>
                    <ondown>18</ondown>
                </control>
                <control type="spincontrolex" id="18">
                    <posy>574</posy>
                    <width>931</width>
                    <font>SmallButtonFont</font>
                    <include>LeftMenuButton</include>
                    <label>$LOCALIZE[21429]</label>
                    <reverse>yes</reverse>
                    <onleft>19</onleft>
                    <onright>19</onright>
                    <onup>17</onup>
                    <ondown>23</ondown>
                </control>
                <control type="spincontrolex" id="23">
                    <posy>645</posy>
                    <width>931</width>
                    <font>SmallButtonFont</font>
                    <include>LeftMenuButton</include>
                    <label>$LOCALIZE[21458]</label>
                    <reverse>yes</reverse>
                    <onleft>19</onleft>
                    <onright>19</onright>
                    <onup>18</onup>
                    <ondown>19</ondown>
                </control>
                <control type="image">
                    <posx>931</posx>
                    <posy>424</posy>
                    <width>433</width>
                    <height>79</height>
                    <texture>list/bg_facade_nofocus_top.png</texture>
                </control>
                <control type="radiobutton" id="24">
                    <posx>931</posx>
                    <posy>503</posy>
                    <width>433</width>
                    <radioposx>350</radioposx>
                    <font>SmallButtonFont</font>
                    <textwidth>292</textwidth>
                    <include>LeftMenuButton</include>
                    <label>$LOCALIZE[20395]</label>
                    <onleft>17</onleft>
                    <onright>17</onright>
                    <onup>23</onup>
                    <ondown>19</ondown>
                </control>
                <control type="togglebutton" id="19">
                    <posx>931</posx>
                    <posy>574</posy>
                    <width>433</width>
                    <font>SmallButtonFont</font>
                    <include>LeftMenuButton</include>
                    <label>$LOCALIZE[21429]:  $LOCALIZE[21431]</label>
                    <altlabel>$LOCALIZE[21429]:  $LOCALIZE[21430]</altlabel>
                    <onleft>17</onleft>
                    <onright>17</onright>
                    <onup>24</onup>
                    <ondown>9002</ondown>
                </control>
            </control>
            <control type="group">
                <posy>769</posy>
                <control type="image">
                    <posx>278</posx>
                    <posy>250</posy>
                    <width>1364</width>
                    <height>79</height>
                    <texture>list/bg_facade_nofocus_top.png</texture>
                </control>
                <control type="grouplist" id="9002">
                    <posx>278</posx>
                    <posy>336</posy>
                    <width>1364</width>
                    <height>90</height>
                    <itemgap>30</itemgap>
                    <aligny>bottom</aligny>
                    <align>center</align>
                    <orientation>horizontal</orientation>
                    <onleft>9002</onleft>
                    <onright>9002</onright>
                    <onup>23</onup>
                    <ondown>9002</ondown>
                    <control type="button" id="20">
                        <label>$LOCALIZE[186]</label>
                    </control>
                    <control type="button" id="21">
                        <label>$LOCALIZE[222]</label>
                    </control>
                </control>
            </control>
        </control>
    </controls>
</window>
