<?xml version="1.0" encoding="utf-8"?>
<window>
    <defaultcontrol>-</defaultcontrol>
    <controls>
        <control type="group" id="0">
            <control type="label" id="10">
                <left>TextMargin</left>
                <top>15</top>
                <width>1830</width>
                <height>100</height>
                <label>-</label>
                <font>NotificationFont</font>
            </control>
        </control>
        <control type="group" id="1">
            <visible>Player.Caching</visible>
            <include>OSDVisibleFadeEffect</include>
            <!--<control type="image" id="1">-->
                <!--<left>910</left>-->
                <!--<top>490</top>-->
                <!--<width>100</width>-->
                <!--<height>100</height>-->
                <!--<texture>dialogs/volume/progress/p$INFO[Player.CacheLevel].png</texture>-->
                <!--<animation effect="fade" end="50" time="0" condition="true">Conditional</animation>-->
            <!--</control>-->
            <control type="image" id="1">
                <animation effect="slide" start="0,0" end="0,-253" time="0" condition="[Player.ShowInfo + VideoPlayer.Content(LiveTV) + Window.IsActive(fullscreenvideo)] | Window.IsActive(DialogFullScreenInfo.xml)">Conditional</animation>
                <posx>810</posx>
                <posy>390</posy>
                <width>300</width>
                <height>300</height>
                <texture>OSD/loading.png</texture>
                <animation effect="rotate" center="auto" start="360" end="0" time="1500" loop="true" condition="true">Conditional</animation>
            </control>
        </control>
    </controls>
</window>
