<?xml version="1.0" encoding="utf-8"?>
<includes>
    <include name="ScrollOffsetLabel_54">
        <control type="group">
            <left>1275</left>
            <top>499</top>
            <include>ScrollOffsetLabel</include>
        </control>
    </include>
    <include name="Info_54_LowList">
        <control type="group" id="50100">
            <include>SlideView</include>
            <include>HideMediaInfo</include>
            <visible>Control.IsVisible(54)+
                ![
                String.IsEmpty(ListItem.Property(Artist_Description))+
                String.IsEmpty(ListItem.AddonDescription)+
                String.IsEmpty(ListItem.Property(Album_Description))+
                String.IsEmpty(ListItem.Plot)
                ]
                +!Container.Content(songs)</visible>
            <include>Icon_Fade</include>
            <control type="group">
                <posy>219</posy>
                <control type="image">
                    <posx>-795</posx>
                    <posy>350</posy>
                    <width>2058</width>
                    <height>900</height>
                    <include condition="!Skin.HasSetting(BlackGlassMode)">bg_tvguide</include>
                    <include condition="Skin.HasSetting(BlackGlassMode)">bg_tvguide_BG</include>
                </control>
                <control type="image">
                    <posx>190</posx>
                    <posy>399</posy>
                    <height>600</height>
                    <width>150</width>
                    <texture>list/bg_strip_horizontal_left.png</texture>
                    <colordiffuse>90ffffff</colordiffuse>
                </control>
                <control type="image">
                    <posx>341</posx>
                    <posy>399</posy>
                    <width>2</width>
                    <height>600</height>
                    <texture>list/bg_facade_vertical.png</texture>
                </control>
                <!-- CDART MUSIC -->
                <include content="DiscArt">
                    <param name="visible" value="!String.IsEmpty(ListItem.Thumb)+[Container.content(albums)|Container.content(songs)]"/>
                    <param name="x" value="51"/>
                    <param name="y" value="296"/>
                    <param name="width" value="254"/>
                    <param name="height" value="254"/>
                    <param name="texture" value="$VAR[MusicCdArt]"/>
                </include>
                <!-- CDART VIDEO -->
                <include content="DiscArt">
                    <param name="visible" value="!String.IsEmpty(ListItem.Thumb)+[Container.content(movies)|Container.content(MusicVideos)|Window.IsVisible(MyPlaylist.xml)]"/>
                    <param name="x" value="51"/>
                    <param name="y" value="296"/>
                    <param name="width" value="254"/>
                    <param name="height" value="254"/>
                    <param name="texture" value="$VAR[VideoCdArt]"/>
                </include>
                <control type="image">
                    <posx>18</posx>
                    <posy>411</posy>
                    <width>318</width>
                    <height>435</height>
                    <aspectratio aligny="top" scalediffuse="false">keep</aspectratio>
                    <include>PosterThumb</include>
                    <include>ThumbBorder</include>
                </control>
                <control type="group">
                    <visible>![Skin.HasSetting(plexbmc)+window.isvisible(MyMusicSongs.xml)]</visible>
                    <posx>343</posx>
                    <posy>426</posy>
                    <control type="label">
                        <posx>TextMargin</posx>
                        <posy>-12</posy>
                        <width>780</width>
                        <height>71</height>
                        <font>InfoTitleFont</font>
                        <textcolor>MainColor</textcolor>
                        <align>left</align>
                        <label>$INFO[ListItem.Label]</label>
                    </control>
                    <control type="image">
                        <posx>0</posx>
                        <posy>0</posy>
                        <width>873</width>
                        <height>73</height>
                        <texture border="3">list/bg_facade_nofocus_top.png</texture>
                    </control>
                    <control type="group">
                        <visible>!Container.Content(Addons)</visible>
                        <control type="image">
                            <posx>TextMargin</posx>
                            <posy>92</posy>
                            <include>Stars</include>
                        </control>
                        <control type="label">
                            <posx>100</posx>
                            <posy>73</posy>
                            <width>612</width>
                            <height>71</height>
                            <font>InfoDetailsFont</font>
                            <textcolor>AlternateColor</textcolor>
                            <label fallback="416">$INFO[ListItem.Rating]</label>
                        </control>
                    </control>
                    <control type="group">
                        <visible>Container.Content(Addons)</visible>
                        <control type="label">
                            <posx>TextMargin</posx>
                            <posy>73</posy>
                            <width>631</width>
                            <height>71</height>
                            <font>InfoDetailsFont</font>
                            <textcolor>AlternateColor</textcolor>
                            <label>$INFO[ListItem.AddonVersion,$LOCALIZE[24051] ]$INFO[ListItem.AddonSize,  •  $LOCALIZE[21802]: ]</label>
                        </control>
                    </control>
                    <control type="label">
                        <visible>!Container.Content(Addons)</visible>
                        <posx>825</posx>
                        <posy>73</posy>
                        <width>480</width>
                        <height>71</height>
                        <align>right</align>
                        <font>InfoDetailsFont</font>
                        <textcolor>AlternateColor</textcolor>
                        <label>$VAR[Details_TVShows_Extended]</label>
                    </control>
                    <control type="image">
                        <posx>0</posx>
                        <posy>73</posy>
                        <width>873</width>
                        <height>73</height>
                        <texture border="3">list/bg_facade_nofocus_top.png</texture>
                    </control>
                    <control type="textbox">
                        <visible>![Container.Content(movies)|Container.Content(episodes)|Container.Content(musicvideos)]</visible>
                        <posx>TextMargin</posx>
                        <posy>160</posy>
                        <width>780</width>
                        <height>240</height>
                        <font>InfoPlotFont</font>
                        <textcolor>MainColor</textcolor>
                        <label>$VAR[Plots]</label>
                        <pagecontrol>6064</pagecontrol>
                    </control>
                    <control type="scrollbar" id="6064">
                        <visible>![Container.Content(movies)|Container.Content(episodes)|Container.Content(musicvideos)]+Skin.HasSetting(ManualScroll)</visible>
                        <posx>841</posx>
                        <posy>160</posy>
                        <height>240</height>
                        <include>VerticalScroller</include>
                        <onleft>9000</onleft>
                        <onright>54</onright>
                    </control>
                    <control type="group">
                        <visible>[Container.Content(movies)|Container.Content(episodes)|Container.Content(musicvideos)]</visible>
                        <control type="textbox">
                            <posx>TextMargin</posx>
                            <posy>155</posy>
                            <width>780</width>
                            <height>160</height>
                            <font>InfoPlotFont</font>
                            <textcolor>MainColor</textcolor>
                            <label>$VAR[Plots]</label>
                            <pagecontrol>6064</pagecontrol>
                        </control>
                        <control type="scrollbar" id="6064">
                            <visible>Skin.HasSetting(ManualScroll)</visible>
                            <posx>841</posx>
                            <posy>155</posy>
                            <height>160</height>
                            <include>VerticalScroller</include>
                            <onleft>9000</onleft>
                            <onright>54</onright>
                        </control>
                        <control type="image">
                            <posx>0</posx>
                            <posy>258</posy>
                            <width>873</width>
                            <height>73</height>
                            <texture border="3">list/bg_facade_nofocus_top.png</texture>
                        </control>
                        <control type="grouplist">
                            <posx>38</posx>
                            <posy>353</posy>
                            <width min="90" max="967">auto</width>
                            <height>90</height>
                            <itemgap>14</itemgap>
                            <orientation>horizontal</orientation>
                            <align>left</align>
                            <aligny>center</aligny>
                            <include>CodecsView</include>
                        </control>
                    </control>
                </control>
                <control type="group">
                    <visible>[Skin.HasSetting(plexbmc)+window.isvisible(MyMusicSongs.xml)]</visible>
                    <posx>343</posx>
                    <posy>426</posy>
                    <control type="label">
                        <posx>TextMargin</posx>
                        <posy>-12</posy>
                        <width>780</width>
                        <height>71</height>
                        <font>InfoTitleFont</font>
                        <textcolor>MainColor</textcolor>
                        <align>left</align>
                        <label>$INFO[ListItem.Label]</label>
                    </control>
                    <control type="image">
                        <posx>0</posx>
                        <posy>0</posy>
                        <width>873</width>
                        <height>73</height>
                        <texture border="3">list/bg_facade_nofocus_top.png</texture>
                    </control>
                    <control type="textbox">
                        <posx>TextMargin</posx>
                        <posy>90</posy>
                        <width>780</width>
                        <height>320</height>
                        <font>InfoPlotFont</font>
                        <textcolor>AlternateBrightColor</textcolor>
                        <label>$VAR[Plots]</label>
                        <pagecontrol>6064</pagecontrol>
                    </control>
                    <control type="scrollbar" id="6064">
                        <visible>Skin.HasSetting(ManualScroll)</visible>
                        <posx>841</posx>
                        <posy>90</posy>
                        <height>320</height>
                        <include>VerticalScroller</include>
                        <onleft>9000</onleft>
                        <onright>54</onright>
                    </control>
                </control>
            </control>
        </control>
    </include>
    <include name="View_54_LowList">
        <control type="group">
            <visible>Control.IsVisible(54)</visible>
            <include>Icon_Fade</include>
            <include content="ClearArtLogo">
                <param name="x" value="345r"/>
                <param name="y" value="369"/>
                <param name="width" value="300"/>
                <param name="height" value="235"/>
                <param name="visible" value="true"/>
                <param name="align" value="right"/>
                <param name="aligny" value="bottom"/>
            </include>
            <include content="StudioArt">
                <param name="x" value="874"/>
                <param name="y" value="464"/>
                <param name="width" value="300"/>
                <param name="height" value="140"/>
                <param name="visible" value="true"/>
                <param name="align" value="right"/>
                <param name="aligny" value="bottom"/>
            </include>
            <control type="group">
                <include>SlideViewUnknown</include>
                <include>SlideView</include>
                <include>ScrollOffsetLabel_54</include>
                <control type="image">
                    <posx>1224</posx>
                    <posy>569</posy>
                    <width>1522</width>
                    <height>900</height>
                    <include condition="!Skin.HasSetting(BlackGlassMode)">bg_tvguide</include>
                    <include condition="Skin.HasSetting(BlackGlassMode)">bg_tvguide_BG</include>
                </control>
                <control type="image">
                    <posx>1260</posx>
                    <posy>572</posy>
                    <width>1440</width>
                    <height>73</height>
                    <texture border="3">list/bg_facade_nofocus_top.png</texture>
                </control>
                <control type="image">
                    <visible>!Integer.IsGreater(Container(54).NumItems,4)</visible>
                    <posx>1260</posx>
                    <posy>937</posy>
                    <width>1440</width>
                    <height>73</height>
                    <texture border="3">list/bg_facade_nofocus_top.png</texture>
                </control>
                <control type="list" id="54">
                    <viewtype label="31092">Low List</viewtype>
                    <posx>1260</posx>
                    <posy>645</posy>
                    <width>1440</width>
                    <height>365</height>
                    <onleft>6064</onleft>
                    <onright>60</onright>
                    <onup>54</onup>
                    <ondown>54</ondown>
                    <pagecontrol>60</pagecontrol>
                    <preloaditems>4</preloaditems>
                    <include>List_Layout</include>
                </control>
            </control>
            <control type="label">
                <include>FacadeNumItems</include>
                <label>$INFO[Container.NumItems] $LOCALIZE[31025]</label>
            </control>
            <control type="scrollbar" id="60">
                <visible allowhiddenfocus="true">Integer.IsGreater(Container(54).NumItems,4)</visible>
                <animation effect="slide" start="0,0" end="-8,0" time="150">Focus</animation>
                <animation effect="slide" start="-8,0" end="0,0" time="300">UnFocus</animation>
                <posx>1899</posx>
                <posy>645</posy>
                <height>365</height>
                <include>VerticalScroller</include>
                <onleft>54</onleft>
                <onright>505050</onright>
            </control>
        </control>
    </include>
    <include name="Info_54_LowList_Weather">
        <control type="group">
            <visible>Skin.String(WeatherView,lowlist)|Skin.String(WeatherView,)</visible>
            <posx>0</posx>
            <posy>479</posy>
            <control type="image">
                <posx>-795</posx>
                <posy>90</posy>
                <width>2058</width>
                <height>1160</height>
                <include condition="!Skin.HasSetting(BlackGlassMode)">bg_tvguide</include>
                <include condition="Skin.HasSetting(BlackGlassMode)">bg_tvguide_BG</include>
            </control>
            <control type="image">
                <posx>312</posx>
                <posy>139</posy>
                <height>600</height>
                <width>150</width>
                <texture>list/bg_strip_horizontal_left.png</texture>
                <colordiffuse>90ffffff</colordiffuse>
            </control>
            <control type="image">
                <posx>463</posx>
                <posy>139</posy>
                <width>2</width>
                <height>600</height>
                <texture>list/bg_facade_vertical.png</texture>
            </control>
            <control type="image">
                <posx>18</posx>
                <posy>151</posy>
                <width>440</width>
                <height>440</height>
                <aspectratio>scale</aspectratio>
                <texture background="true">$INFO[Container(54).ListItem.Thumb]</texture>
                <include>ThumbBorder</include>
            </control>
            <control type="group">
                <posx>465</posx>
                <posy>166</posy>
                <control type="label">
                    <posx>TextMargin</posx>
                    <posy>-12</posy>
                    <width>660</width>
                    <height>42</height>
                    <font>InfoTitleFont</font>
                    <textcolor>MainColor</textcolor>
                    <align>left</align>
                    <label>$INFO[Weather.Location]</label>
                </control>
                <control type="label" id="11">
                    <posx>TextMargin</posx>
                    <posy>30</posy>
                    <width>660</width>
                    <height>40</height>
                    <font>InfoTitleSubFont</font>
                    <textcolor>AlternateColor</textcolor>
                    <align>left</align>
                </control>
                <control type="image">
                    <posx>0</posx>
                    <posy>0</posy>
                    <width>751</width>
                    <height>73</height>
                    <texture border="3">list/bg_facade_nofocus_top.png</texture>
                </control>
                <control type="label">
                    <posx>TextMargin</posx>
                    <posy>73</posy>
                    <width>660</width>
                    <height>71</height>
                    <font>InfoDetailsFont</font>
                    <textcolor>AlternateColor</textcolor>
                    <label>$INFO[Container(54).ListItem.Property(Property3)]</label>
                </control>
                <control type="image">
                    <posx>0</posx>
                    <posy>73</posy>
                    <width>751</width>
                    <height>73</height>
                    <texture border="3">list/bg_facade_nofocus_top.png</texture>
                </control>
                <control type="label">
                    <visible>!String.IsEmpty(Container(54).ListItem.Property(Property4))</visible>
                    <posx>TextMargin</posx>
                    <posy>146</posy>
                    <width>660</width>
                    <height>71</height>
                    <font>InfoDetailsFont</font>
                    <textcolor>MainColor</textcolor>
                    <label>$INFO[Container(54).ListItem.Property(Property4)]</label>
                </control>
                <control type="label">
                    <visible>String.IsEmpty(Container(54).ListItem.Property(Property4))+String.IsEmpty(Container(54).ListItem.Property(Property7))</visible>
                    <posx>TextMargin</posx>
                    <posy>146</posy>
                    <width>660</width>
                    <height>71</height>
                    <font>InfoDetailsFont</font>
                    <textcolor>MainColor</textcolor>
                    <label>$INFO[Container(54).ListItem.Property(Property1),$LOCALIZE[393]: ]</label>
                </control>
                <control type="label">
                    <visible>!String.IsEmpty(Container(54).ListItem.Property(Property7))</visible>
                    <posx>705</posx>
                    <posy>146</posy>
                    <width>660</width>
                    <height>71</height>
                    <align>right</align>
                    <font>InfoDetailsFont</font>
                    <textcolor>MainColor</textcolor>
                    <label>$INFO[Container(54).ListItem.Property(Property7)]</label>
                </control>
                <control type="label">
                    <visible>String.IsEmpty(Container(54).ListItem.Property(Property4))+String.IsEmpty(Container(54).ListItem.Property(Property7))</visible>
                    <posx>705</posx>
                    <posy>146</posy>
                    <width>660</width>
                    <height>71</height>
                    <align>right</align>
                    <font>InfoDetailsFont</font>
                    <textcolor>MainColor</textcolor>
                    <label>$INFO[Container(54).ListItem.Property(Property2),$LOCALIZE[391]: ]</label>
                </control>
                <control type="image">
                    <posx>0</posx>
                    <posy>146</posy>
                    <width>751</width>
                    <height>73</height>
                    <texture border="3">list/bg_facade_nofocus_top.png</texture>
                </control>
                <control type="label">
                    <posx>TextMargin</posx>
                    <posy>219</posy>
                    <width>660</width>
                    <height>71</height>
                    <font>InfoDetailsFont</font>
                    <textcolor>AlternateColor</textcolor>
                    <label>$INFO[Container(54).ListItem.Property(Property8)]</label>
                </control>
                <control type="label">
                    <posx>705</posx>
                    <posy>219</posy>
                    <width>660</width>
                    <height>71</height>
                    <align>right</align>
                    <font>InfoDetailsFont</font>
                    <textcolor>AlternateColor</textcolor>
                    <label>$INFO[Container(54).ListItem.Property(Property5)]</label>
                </control>
                <control type="image">
                    <posx>0</posx>
                    <posy>219</posy>
                    <width>751</width>
                    <height>73</height>
                    <texture border="3">list/bg_facade_nofocus_top.png</texture>
                </control>
                <control type="label">
                    <posx>TextMargin</posx>
                    <posy>292</posy>
                    <width>660</width>
                    <height>71</height>
                    <font>InfoDetailsFont</font>
                    <textcolor>MainColor</textcolor>
                    <label>$INFO[Container(54).ListItem.Property(Property9)]</label>
                    <!--<label>$INFO[Container(54).ListItem.Property(Property10)]$INFO[Container(54).ListItem.Property(Property11),     ,]</label>-->
                </control>
                <!--<control type="label">-->
                <!--<posx>705</posx>-->
                <!--<posy>292</posy>-->
                <!--<width>660</width>-->
                <!--<height>71</height>-->
                <!--<align>right</align>-->
                <!--<font>InfoDetailsContainerFont</font>-->
                <!--<textcolor>MainColor</textcolor>-->
                <!--<label>$INFO[Container(54).ListItem.Property(Property9)]</label>-->
                <!--</control>-->
                <control type="image">
                    <posx>0</posx>
                    <posy>292</posy>
                    <width>751</width>
                    <height>73</height>
                    <texture border="3">list/bg_facade_nofocus_top.png</texture>
                </control>
            </control>
        </control>
    </include>
    <include name="View_54_LowList_Weather">
        <control type="group">
            <visible>Skin.String(WeatherView,lowlist)|Skin.String(WeatherView,)</visible>
            <include>Icon_Fade</include>
            <control type="group">
                <control type="image">
                    <posx>1224</posx>
                    <posy>569</posy>
                    <width>1522</width>
                    <height>900</height>
                    <include condition="!Skin.HasSetting(BlackGlassMode)">bg_tvguide</include>
                    <include condition="Skin.HasSetting(BlackGlassMode)">bg_tvguide_BG</include>
                </control>
                <control type="image">
                    <posx>1260</posx>
                    <posy>572</posy>
                    <width>660</width>
                    <height>73</height>
                    <texture border="3">list/bg_facade_nofocus_top.png</texture>
                </control>
                <control type="image">
                    <visible>!Integer.IsGreater(Container(54).NumItems,4)</visible>
                    <posx>1260</posx>
                    <posy>937</posy>
                    <width>660</width>
                    <height>73</height>
                    <texture border="3">list/bg_facade_nofocus_top.png</texture>
                </control>
                <control type="list" id="54">
                    <viewtype label="31092">Low List</viewtype>
                    <posx>1260</posx>
                    <posy>645</posy>
                    <width>660</width>
                    <height>365</height>
                    <onleft>9000</onleft>
                    <onright>60</onright>
                    <onup>54</onup>
                    <ondown>54</ondown>
                    <pagecontrol>60</pagecontrol>
                    <preloaditems>4</preloaditems>
                    <include>List_Layout_Weather</include>
                    <include>WeatherContent</include>
                </control>
            </control>
            <control type="label">
                <include>FacadeNumItems</include>
                <label>$INFO[Container(54).NumItems] $LOCALIZE[31025]</label>
            </control>
            <control type="scrollbar" id="60">
                <animation effect="slide" start="0,0" end="-8,0" time="150">Focus</animation>
                <animation effect="slide" start="-8,0" end="0,0" time="300">UnFocus</animation>
                <posx>1899</posx>
                <posy>645</posy>
                <height>365</height>
                <include>VerticalScroller</include>
                <onleft>54</onleft>
                <onright>505050</onright>
            </control>
        </control>
    </include>
    <include name="DetatchedThumb_54">
        <control type="group">
            <visible>Control.IsVisible(54)</visible>
            <include>Icon_Fade</include>
            <posy>219</posy>
            <!-- CDART MUSIC -->
            <include content="DiscArt">
                <param name="visible" value="!String.IsEmpty(ListItem.Thumb)+[Container.content(albums)|Container.content(songs)]"/>
                <param name="x" value="45"/>
                <param name="y" value="236"/>
                <param name="width" value="378"/>
                <param name="height" value="378"/>
                <param name="texture" value="$VAR[MusicCdArt]"/>
            </include>
            <!-- CDART VIDEO -->
            <include content="DiscArt">
                <param name="visible" value="!String.IsEmpty(ListItem.Thumb)+[Container.content(movies)|Container.content(MusicVideos)|Window.IsVisible(MyPlaylist.xml)]"/>
                <param name="x" value="45"/>
                <param name="y" value="294"/>
                <param name="width" value="256"/>
                <param name="height" value="256"/>
                <param name="texture" value="$VAR[VideoCdArt]"/>
            </include>
            <control type="image">
                <posx>18</posx>
                <posy>411</posy>
                <width>440</width>
                <height>435</height>
                <include>DetatchedThumb</include>
            </control>
        </control>
    </include>
</includes>
