<?xml version="1.0" encoding="utf-8"?>
<includes>
    <include name="ScrollOffsetLabel_53">
        <control type="group">
            <left>910</left>
            <top>23</top>
            <include>ScrollOffsetLabel</include>
        </control>
    </include>
    <include name="View_53_Grid">
        <control type="group">
            <visible>Control.IsVisible(53)</visible>
            <include content="ClearArtLogo">
                <param name="x" value="715"/>
                <param name="y" value="10"/>
                <param name="width" value="150"/>
                <param name="height" value="115"/>
                <param name="visible" value="true"/>
                <param name="align" value="right"/>
                <param name="aligny" value="bottom"/>
            </include>
            <include content="StudioArt">
                <param name="x" value="1055"/>
                <param name="y" value="10"/>
                <param name="width" value="150"/>
                <param name="height" value="115"/>
                <param name="visible" value="true"/>
                <param name="align" value="left"/>
                <param name="aligny" value="bottom"/>
            </include>
            <include>ScrollOffsetLabel_53</include>
            <control type="image">
                <posx>-50</posx>
                <posy>94</posy>
                <width>2180</width>
                <height>860</height>
                <include condition="!Skin.HasSetting(BlackGlassMode)">bg_tvguide</include>
                <include condition="Skin.HasSetting(BlackGlassMode)">bg_tvguide_BG</include>
            </control>
            <control type="panel" id="53">
                <viewtype label="536">Grid</viewtype>
                <posx>15</posx>
                <posy>150</posy>
                <width>1930</width>
                <height>740</height>
                <orientation>vertical</orientation>
                <onleft>9000</onleft>
                <onright>60</onright>
                <onup>53</onup>
                <ondown>53</ondown>
                <preloaditems>4</preloaditems>
                <pagecontrol>60</pagecontrol>
                <itemlayout condition="[Container.Content(TVShows)|Container.Content(movies)|Container.Content(sets)|Container.Content(seasons)] + Skin.HasSetting(53_UseBanners)" height="185" width="920">
                    <control type="image">
                        <posx>60</posx>
                        <posy>0</posy>
                        <width>860</width>
                        <height>195</height>
                        <texture background="true" fallback="common/BlackDotT.png">$VAR[Banner]</texture>
                        <aspectratio>scale</aspectratio>
                        <include>ThumbBorder</include>
                    </control>
                    <control type="image">
                        <posx>866</posx>
                        <posy>140</posy>
                        <width>28</width>
                        <height>28</height>
                        <texture>$VAR[Overlay]</texture>
                    </control>
                </itemlayout>
                <focusedlayout condition="[Container.Content(TVShows)|Container.Content(movies)|Container.Content(sets)|Container.Content(seasons)] + Skin.HasSetting(53_UseBanners)" height="185" width="920">
                    <control type="image">
                        <posx>60</posx>
                        <posy>0</posy>
                        <width>860</width>
                        <height>195</height>
                        <texture background="true" fallback="common/BlackDotT.png">$VAR[Banner]</texture>
                        <aspectratio>scale</aspectratio>
                        <include>ThumbBorderOverlay</include>
                    </control>
                    <control type="image">
                        <posx>866</posx>
                        <posy>140</posy>
                        <width>28</width>
                        <height>28</height>
                        <texture>$VAR[Overlay]</texture>
                    </control>
                </focusedlayout>
                <itemlayout condition="!Skin.HasSetting(53_BigGrid) + !Skin.HasSetting(53_UseBanners) + [Container.content(actors) | Container.Content(musicvideos) | container.content(movies) | container.content(TVshows) | container.content(seasons)|Container.Content(sets)]" height="246" width="188">
                    <control type="image">
                        <posx>0</posx>
                        <posy>-3</posy>
                        <width>201</width>
                        <height>263</height>
                        <include>PosterThumb</include>
                        <include>ThumbBorder</include>
                    </control>
                    <control type="image">
                        <posx>147</posx>
                        <posy>205</posy>
                        <width>28</width>
                        <height>28</height>
                        <texture>$VAR[Overlay]</texture>
                    </control>
                </itemlayout>
                <focusedlayout condition="!Skin.HasSetting(53_BigGrid) + !Skin.HasSetting(53_UseBanners) + [Container.content(actors) | Container.Content(musicvideos) | container.content(movies) | container.content(TVshows) | container.content(seasons)|Container.Content(sets)]" height="246" width="188">
                    <control type="image">
                        <posx>0</posx>
                        <posy>-3</posy>
                        <width>201</width>
                        <height>263</height>
                        <include>PosterThumb</include>
                        <include>ThumbBorderOverlay</include>
                    </control>
                    <control type="image">
                        <posx>147</posx>
                        <posy>205</posy>
                        <width>28</width>
                        <height>28</height>
                        <texture>$VAR[Overlay]</texture>
                    </control>
                </focusedlayout>
                <itemlayout condition="Skin.HasSetting(53_BigGrid) + !Skin.HasSetting(53_UseBanners) + [Container.content(actors) | Container.Content(musicvideos) | container.content(movies) | container.content(TVshows) | container.content(seasons)|Container.Content(sets)]" height="372" width="268">
                    <control type="image">
                        <posx>0</posx>
                        <posy>-2</posy>
                        <width>286</width>
                        <height>384</height>
                        <include>PosterThumb</include>
                        <include>ThumbBorder</include>
                    </control>
                    <control type="image">
                        <posx>232</posx>
                        <posy>327</posy>
                        <width>28</width>
                        <height>28</height>
                        <texture>$VAR[Overlay]</texture>
                    </control>
                </itemlayout>
                <focusedlayout condition="Skin.HasSetting(53_BigGrid) + !Skin.HasSetting(53_UseBanners) + [Container.content(actors) | Container.Content(musicvideos) | container.content(movies) | container.content(TVshows) | container.content(seasons)|Container.Content(sets)]" height="372" width="268">
                    <control type="image">
                        <posx>0</posx>
                        <posy>-2</posy>
                        <width>286</width>
                        <height>384</height>
                        <include>PosterThumb</include>
                        <include>ThumbBorderOverlay</include>
                    </control>
                    <control type="image">
                        <posx>232</posx>
                        <posy>327</posy>
                        <width>28</width>
                        <height>28</height>
                        <texture>$VAR[Overlay]</texture>
                    </control>
                </focusedlayout>
                <itemlayout height="246" width="375" condition="container.content(episodes)">
                    <control type="image">
                        <posx>0</posx>
                        <posy>5</posy>
                        <width>395</width>
                        <height>246</height>
                        <aspectratio>scale</aspectratio>
                        <include>EpisodeThumb</include>
                        <include>ThumbBorder</include>
                    </control>
                    <control type="image">
                        <posx>340</posx>
                        <posy>196</posy>
                        <width>28</width>
                        <height>28</height>
                        <texture>$VAR[Overlay]</texture>
                    </control>
                </itemlayout>
                <focusedlayout height="246" width="375" condition="container.content(episodes)">
                    <control type="image">
                        <posx>0</posx>
                        <posy>5</posy>
                        <width>395</width>
                        <height>246</height>
                        <aspectratio>scale</aspectratio>
                        <include>EpisodeThumb</include>
                        <include>ThumbBorderOverlay</include>
                    </control>
                    <control type="image">
                        <posx>340</posx>
                        <posy>196</posy>
                        <width>28</width>
                        <height>28</height>
                        <texture>$VAR[Overlay]</texture>
                    </control>
                </focusedlayout>
                <itemlayout condition="!Skin.HasSetting(53_BigGrid) + !Skin.HasSetting(53_UseBanners) + ![container.content(episodes) | Container.Content(musicvideos) | container.content(movies) | container.content(TVshows) | container.content(seasons)|Container.Content(sets)]" height="246" width="268">
                    <control type="image">
                        <posx>15</posx>
                        <posy>0</posy>
                        <width>260</width>
                        <height>260</height>
                        <include>SquareThumb</include>
                        <include>ThumbBorder</include>
                    </control>
                </itemlayout>
                <focusedlayout condition="!Skin.HasSetting(53_BigGrid) + !Skin.HasSetting(53_UseBanners) + ![container.content(episodes) | Container.Content(musicvideos) | container.content(movies) | container.content(TVshows) | container.content(seasons)|Container.Content(sets)]" height="246" width="268">
                    <control type="image">
                        <posx>15</posx>
                        <posy>0</posy>
                        <width>260</width>
                        <height>260</height>
                        <include>SquareThumb</include>
                        <include>ThumbBorderOverlay</include>
                    </control>
                </focusedlayout>
                <itemlayout condition="Skin.HasSetting(53_BigGrid) + !Skin.HasSetting(53_UseBanners) + ![container.content(episodes) | Container.Content(musicvideos) | container.content(movies) | container.content(TVshows) | container.content(seasons)|Container.Content(sets)]" height="370" width="375">
                    <control type="image">
                        <posx>15</posx>
                        <posy>5</posy>
                        <width>370</width>
                        <height>370</height>
                        <include>SquareThumb</include>
                        <include>ThumbBorder</include>
                    </control>
                </itemlayout>
                <focusedlayout condition="Skin.HasSetting(53_BigGrid) + !Skin.HasSetting(53_UseBanners) + ![container.content(episodes) | Container.Content(musicvideos) | container.content(movies) | container.content(TVshows) | container.content(seasons)|Container.Content(sets)]" height="370" width="375">
                    <control type="image">
                        <posx>15</posx>
                        <posy>5</posy>
                        <width>370</width>
                        <height>370</height>
                        <include>SquareThumb</include>
                        <include>ThumbBorderOverlay</include>
                    </control>
                </focusedlayout>
            </control>
            <control type="scrollbar" id="60">
                <animation effect="slide" start="0,0" end="-6,0" time="150">Focus</animation>
                <animation effect="slide" start="-6,0" end="0,0" time="300">UnFocus</animation>
                <posx>1899</posx>
                <posy>150</posy>
                <height>740</height>
                <include>VerticalScroller</include>
                <onleft>53</onleft>
                <onright>505050</onright>
            </control>
        </control>
    </include>
</includes>
