<?xml version="1.0" encoding="utf-8"?>
<includes>
    <include name="ScrollOffsetLabel_56">
        <control type="group">
            <left>1275</left>
            <top>280</top>
            <include>ScrollOffsetLabel</include>
        </control>
    </include>
    <include name="Info_56_BannerList">
        <control type="group">
            <include>SlideView</include>
            <include>HideMediaInfo</include>
            <visible>Control.IsVisible(56)+
                [
                !String.IsEmpty(ListItem.Property(Artist_Description))|
                !String.IsEmpty(ListItem.AddonDescription)|
                !String.IsEmpty(ListItem.Property(Album_Description))|
                !String.IsEmpty(ListItem.Plot)
                ]
                +!Container.Content(songs)</visible>
            <include>Icon_Fade</include>
            <control type="image">
                <posx>-795</posx>
                <posy>350</posy>
                <width>2058</width>
                <height>900</height>
                <include condition="!Skin.HasSetting(BlackGlassMode)">bg_tvguide</include>
                <include condition="Skin.HasSetting(BlackGlassMode)">bg_tvguide_BG</include>
            </control>
            <control type="image">
                <posx>18</posx>
                <posy>401</posy>
                <width>1195</width>
                <height>252</height>
                <texture background="true" fallback="common/BlackDotT.png">$VAR[Banner]</texture>
                <aspectratio aligny="bottom">scale</aspectratio>
                <include>ThumbBorder</include>
            </control>
            <control type="group">
                <posx>0</posx>
                <posy>645</posy>
                <control type="image">
                    <posx>TextMargin</posx>
                    <posy>19</posy>
                    <include>Stars</include>
                </control>
                <control type="label">
                    <posx>100</posx>
                    <posy>0</posy>
                    <width>480</width>
                    <height>71</height>
                    <font>InfoDetailsFont</font>
                    <textcolor>AlternateColor</textcolor>
                    <label fallback="416">$INFO[ListItem.RatingAndVotes]</label>
                </control>
                <control type="label">
                    <posx>1171</posx>
                    <posy>0</posy>
                    <width>500</width>
                    <height>71</height>
                    <align>right</align>
                    <font>InfoDetailsFont</font>
                    <textcolor>MainColor</textcolor>
                    <label>$VAR[Details_TVShows_Extended]</label>
                </control>
                <control type="image">
                    <posx>0</posx>
                    <posy>0</posy>
                    <width>1216</width>
                    <height>73</height>
                    <texture border="3">list/bg_facade_nofocus_top.png</texture>
                </control>
                <control type="label">
                    <posx>TextMargin</posx>
                    <posy>73</posy>
                    <width>1126</width>
                    <height>71</height>
                    <font>InfoDetailsFont</font>
                    <textcolor>AlternateColor</textcolor>
                    <label fallback="416">$VAR[Details2]</label>
                </control>
                <control type="image">
                    <posx>0</posx>
                    <posy>73</posy>
                    <width>1216</width>
                    <height>73</height>
                    <texture border="3">list/bg_facade_nofocus_top.png</texture>
                </control>
                <control type="textbox">
                    <visible>![Container.Content(movies)|Container.Content(episodes)|Container.Content(musicvideos)]</visible>
                    <posx>TextMargin</posx>
                    <posy>162</posy>
                    <width>1126</width>
                    <height>240</height>
                    <font>InfoPlotFont</font>
                    <textcolor>MainColor</textcolor>
                    <label>$VAR[Plots]</label>
                    <pagecontrol>6066</pagecontrol>
                </control>
                <control type="scrollbar" id="6066">
                    <visible>![Container.Content(movies)|Container.Content(episodes)|Container.Content(musicvideos)]+Skin.HasSetting(ManualScroll)</visible>
                    <posx>1184</posx>
                    <posy>162</posy>
                    <height>240</height>
                    <include>VerticalScroller</include>
                    <onleft>9000</onleft>
                    <onright>56</onright>
                </control>
                <control type="group">
                    <visible>[Container.Content(movies)|Container.Content(episodes)|Container.Content(musicvideos)]</visible>
                    <control type="textbox">
                        <posx>TextMargin</posx>
                        <posy>162</posy>
                        <width>1126</width>
                        <height>160</height>
                        <font>InfoPlotFont</font>
                        <textcolor>MainColor</textcolor>
                        <label>$VAR[Plots]</label>
                        <pagecontrol>6066</pagecontrol>
                    </control>
                    <control type="scrollbar" id="6066">
                        <visible>Skin.HasSetting(ManualScroll)</visible>
                        <posx>1184</posx>
                        <posy>162</posy>
                        <height>160</height>
                        <include>VerticalScroller</include>
                        <onleft>9000</onleft>
                        <onright>56</onright>
                    </control>
                    <control type="group">
                        <posy>-210</posy>
                        <control type="image">
                            <posx>0</posx>
                            <posy>468</posy>
                            <width>1216</width>
                            <height>73</height>
                            <texture border="3">list/bg_facade_nofocus_top.png</texture>
                        </control>
                        <control type="grouplist">
                            <posx>35</posx>
                            <posy>563</posy>
                            <width min="90" max="967">auto</width>
                            <height>90</height>
                            <itemgap>0</itemgap>
                            <orientation>horizontal</orientation>
                            <align>left</align>
                            <aligny>center</aligny>
                            <include>CodecsView</include>
                        </control>
                    </control>
                </control>
            </control>
        </control>
    </include>
    <include name="View_56_BannerList">
        <control type="group">
            <visible>Control.IsVisible(56)</visible>
            <include>Icon_Fade</include>
            <include content="ClearArtLogo">
                <param name="x" value="345r"/>
                <param name="y" value="150"/>
                <param name="width" value="300"/>
                <param name="height" value="235"/>
                <param name="visible" value="true"/>
                <param name="align" value="right"/>
                <param name="aligny" value="bottom"/>
            </include>
            <include content="StudioArt">
                <param name="x" value="904"/>
                <param name="y" value="245"/>
                <param name="width" value="300"/>
                <param name="height" value="140"/>
                <param name="visible" value="true"/>
                <param name="align" value="right"/>
                <param name="aligny" value="bottom"/>
            </include>
            <control type="group">
                <include>SlideViewUnknown</include>
                <include>SlideView</include>
                <include>ScrollOffsetLabel_56</include>
                <control type="image">
                    <posx>1224</posx>
                    <posy>350</posy>
                    <width>1522</width>
                    <height>900</height>
                    <include condition="!Skin.HasSetting(BlackGlassMode)">bg_tvguide</include>
                    <include condition="Skin.HasSetting(BlackGlassMode)">bg_tvguide_BG</include>
                </control>
                <control type="image">
                    <posx>1260</posx>
                    <posy>353</posy>
                    <width>1440</width>
                    <height>73</height>
                    <texture border="3">list/bg_facade_nofocus_top.png</texture>
                </control>
                <control type="image">
                    <visible>!Integer.IsGreater(Container(56).NumItems,7)</visible>
                    <posx>1260</posx>
                    <posy>937</posy>
                    <width>1440</width>
                    <height>73</height>
                    <texture border="3">list/bg_facade_nofocus_top.png</texture>
                </control>
                <control type="list" id="56">
                    <visible>Container.Content(tvshows)|[Container.Content(movies)+!Skin.HasSetting(plexbmc)]</visible>
                    <viewtype label="31094">Banner List</viewtype>
                    <posx>1260</posx>
                    <posy>426</posy>
                    <width>1440</width>
                    <height>584</height>
                    <onleft>6066</onleft>
                    <onright>60</onright>
                    <onup>56</onup>
                    <ondown>56</ondown>
                    <pagecontrol>60</pagecontrol>
                    <preloaditems>4</preloaditems>
                    <include>List_Layout</include>
                </control>
            </control>
            <control type="label">
                <include>FacadeNumItems</include>
                <label>$INFO[Container.NumItems] $LOCALIZE[31025]</label>
            </control>
            <control type="scrollbar" id="60">
                <visible allowhiddenfocus="true">Integer.IsGreater(Container(56).NumItems,7)</visible>
                <animation effect="slide" start="0,0" end="-8,0" time="150">Focus</animation>
                <animation effect="slide" start="-8,0" end="0,0" time="300">UnFocus</animation>
                <posx>1899</posx>
                <posy>426</posy>
                <height>584</height>
                <include>VerticalScroller</include>
                <onleft>56</onleft>
                <onright>505050</onright>
            </control>
        </control>
    </include>
    <include name="DetatchedThumb_56">
        <control type="group">
            <visible>Control.IsVisible(56)</visible>
            <include>Icon_Fade</include>
            <!-- CDART MUSIC -->
            <include content="DiscArt">
                <param name="visible" value="!String.IsEmpty(ListItem.Thumb)+[Container.content(albums)|Container.content(songs)]"/>
                <param name="x" value="51"/>
                <param name="y" value="236"/>
                <param name="width" value="374"/>
                <param name="height" value="374"/>
                <param name="texture" value="$VAR[MusicCdArt]"/>
            </include>
            <!-- CDART VIDEO -->
            <include content="DiscArt">
                <param name="visible" value="!String.IsEmpty(ListItem.Thumb)+[Container.content(movies)|Container.content(MusicVideos)|Window.IsVisible(MyPlaylist.xml)]"/>
                <param name="x" value="51"/>
                <param name="y" value="236"/>
                <param name="width" value="374"/>
                <param name="height" value="374"/>
                <param name="texture" value="$VAR[VideoCdArt]"/>
            </include>
            <control type="image">
                <posx>18</posx>
                <posy>411</posy>
                <width>440</width>
                <height>654</height>
                <include>DetatchedThumb</include>
            </control>
        </control>
    </include>
</includes>
