<?xml version="1.0" encoding="utf-8"?>
<includes>
    <include name="ScrollOffsetLabel_51">
        <control type="group">
            <left>707</left>
            <top>280</top>
            <include>ScrollOffsetLabel</include>
        </control>
    </include>
    <include name="Info_51_Panel">
        <!-- LIST 51 Panel -->
        <control type="group">
            <visible>Control.IsVisible(51)+
                [
                !String.IsEmpty(ListItem.Property(Artist_Description))|
                !String.IsEmpty(ListItem.AddonDescription)|
                !String.IsEmpty(ListItem.Property(Album_Description))|
                !String.IsEmpty(ListItem.Plot)
                ]
                +!Container.Content(songs)</visible>
            <include>Icon_Fade</include>
            <posx>5</posx>
            <posy>426</posy>
            <control type="image">
                <posx>-1367</posx>
                <posy>-76</posy>
                <width>2058</width>
                <height>900</height>
                <include condition="!Skin.HasSetting(BlackGlassMode)">bg_tvguide</include>
                <include condition="Skin.HasSetting(BlackGlassMode)">bg_tvguide_BG</include>
            </control>
            <control type="group">
                <visible>![Skin.HasSetting(plexbmc)+window.isvisible(MyMusicSongs.xml)]</visible>
                <control type="label">
                    <posx>TextMargin</posx>
                    <posy>-12</posy>
                    <width>570</width>
                    <height>71</height>
                    <font>InfoTitleFont</font>
                    <textcolor>MainColor</textcolor>
                    <align>left</align>
                    <label>$INFO[ListItem.Label]</label>
                </control>
                <control type="image">
                    <posx>0</posx>
                    <posy>0</posy>
                    <width>645</width>
                    <height>73</height>
                    <texture border="3">list/bg_facade_nofocus_top.png</texture>
                </control>
                <control type="group">
                    <visible>!Container.Content(Addons)</visible>
                    <control type="image">
                        <posx>TextMargin</posx>
                        <posy>92</posy>
                        <include>Stars</include>
                    </control>
                    <control type="label">
                        <posx>100</posx>
                        <posy>73</posy>
                        <width>370</width>
                        <height>71</height>
                        <font>InfoDetailsFont</font>
                        <textcolor>AlternateColor</textcolor>
                        <label fallback="416">$INFO[ListItem.RatingAndVotes]</label>
                    </control>
                </control>
                <control type="group">
                    <visible>Container.Content(Addons)</visible>
                    <control type="label">
                        <posx>TextMargin</posx>
                        <posy>73</posy>
                        <width>560</width>
                        <height>71</height>
                        <font>InfoDetailsFont</font>
                        <textcolor>AlternateColor</textcolor>
                        <label>$INFO[ListItem.AddonVersion,$LOCALIZE[24051] ]$INFO[ListItem.AddonSize,  •  $LOCALIZE[21802]: ]</label>
                    </control>
                </control>
                <control type="image">
                    <posx>0</posx>
                    <posy>73</posy>
                    <width>645</width>
                    <height>73</height>
                    <texture border="3">list/bg_facade_nofocus_top.png</texture>
                </control>
                <control type="label">
                    <posx>TextMargin</posx>
                    <posy>146</posy>
                    <width>560</width>
                    <height>71</height>
                    <font>InfoDetailsFont</font>
                    <textcolor>MainColor</textcolor>
                    <label>$VAR[Details_TVShows_Extended]</label>
                </control>
                <control type="image">
                    <posx>0</posx>
                    <posy>146</posy>
                    <width>645</width>
                    <height>73</height>
                    <texture border="3">list/bg_facade_nofocus_top.png</texture>
                </control>
                <control type="label">
                    <posx>TextMargin</posx>
                    <posy>219</posy>
                    <width>560</width>
                    <height>71</height>
                    <font>InfoDetailsFont</font>
                    <textcolor>AlternateColor</textcolor>
                    <label fallback="416">$VAR[Details2]</label>
                </control>
                <control type="image">
                    <posx>0</posx>
                    <posy>219</posy>
                    <width>645</width>
                    <height>73</height>
                    <texture border="3">list/bg_facade_nofocus_top.png</texture>
                </control>
                <control type="textbox">
                    <visible>![Container.Content(movies)|Container.Content(episodes)|Container.Content(musicvideos)]</visible>
                    <posx>TextMargin</posx>
                    <posy>310</posy>
                    <width>560</width>
                    <height>280</height>
                    <font>InfoPlotFont</font>
                    <textcolor>MainColor</textcolor>
                    <label>$VAR[Plots]</label>
                    <pagecontrol>6061</pagecontrol>
                </control>
                <control type="scrollbar" id="6061">
                    <visible>![Container.Content(movies)|Container.Content(episodes)|Container.Content(musicvideos)]+Skin.HasSetting(ManualScroll)</visible>
                    <posx>613</posx>
                    <posy>310</posy>
                    <height>280</height>
                    <include>VerticalScroller</include>
                    <onleft>9000</onleft>
                    <onright>51</onright>
                </control>
                <control type="group">
                    <visible>[Container.Content(movies)|Container.Content(episodes)|Container.Content(musicvideos)]</visible>
                    <control type="textbox">
                        <posx>TextMargin</posx>
                        <posy>315</posy>
                        <width>560</width>
                        <height>200</height>
                        <font>InfoPlotFont</font>
                        <textcolor>MainColor</textcolor>
                        <label>$VAR[Plots]</label>
                        <pagecontrol>6061</pagecontrol>
                    </control>
                    <control type="scrollbar" id="6061">
                        <visible>Skin.HasSetting(ManualScroll)</visible>
                        <posx>615</posx>
                        <posy>309</posy>
                        <height>200</height>
                        <include>VerticalScroller</include>
                        <onleft>9000</onleft>
                        <onright>51</onright>
                    </control>
                    <control type="image">
                        <posx>0</posx>
                        <posy>468</posy>
                        <width>645</width>
                        <height>73</height>
                        <texture border="3">list/bg_facade_nofocus_top.png</texture>
                    </control>
                    <control type="grouplist">
                        <posx>35</posx>
                        <posy>563</posy>
                        <width min="90" max="967">auto</width>
                        <height>90</height>
                        <itemgap>-10</itemgap>
                        <orientation>horizontal</orientation>
                        <align>left</align>
                        <aligny>center</aligny>
                        <include>CodecsViewPanel</include>
                    </control>
                </control>
            </control>
            <control type="group">
                <visible>[Skin.HasSetting(plexbmc)+window.isvisible(MyMusicSongs.xml)]</visible>
                <control type="label">
                    <posx>TextMargin</posx>
                    <posy>-12</posy>
                    <width>570</width>
                    <height>71</height>
                    <font>InfoTitleFont</font>
                    <textcolor>MainColor</textcolor>
                    <align>left</align>
                    <label>$INFO[ListItem.Label]</label>
                </control>
                <control type="image">
                    <posx>0</posx>
                    <posy>0</posy>
                    <width>646</width>
                    <height>73</height>
                    <texture border="3">list/bg_facade_nofocus_top.png</texture>
                </control>
                <control type="textbox">
                    <posx>TextMargin</posx>
                    <posy>90</posy>
                    <width>570</width>
                    <height>520</height>
                    <font>InfoPlotFont</font>
                    <textcolor>AlternateBrightColor</textcolor>
                    <label>$VAR[Plots]</label>
                    <pagecontrol>6061</pagecontrol>
                </control>
                <control type="scrollbar" id="6061">
                    <visible>Skin.HasSetting(ManualScroll)</visible>
                    <posx>613</posx>
                    <posy>90</posy>
                    <height>520</height>
                    <include>VerticalScroller</include>
                    <onleft>9000</onleft>
                    <onright>51</onright>
                </control>
            </control>
        </control>
    </include>
    <include name="View_51_Panel">
        <control type="group">
            <visible>Control.IsVisible(51)</visible>
            <include content="ClearArtLogo">
                <param name="x" value="345r"/>
                <param name="y" value="150"/>
                <param name="width" value="300"/>
                <param name="height" value="235"/>
                <param name="visible" value="true"/>
                <param name="align" value="right"/>
                <param name="aligny" value="bottom"/>
            </include>
            <include content="StudioArt">
                <param name="x" value="350"/>
                <param name="y" value="245"/>
                <param name="width" value="300"/>
                <param name="height" value="140"/>
                <param name="visible" value="true"/>
                <param name="align" value="right"/>
                <param name="aligny" value="bottom"/>
            </include>
            <include>ScrollOffsetLabel_51</include>
            <control type="image">
                <posx>657</posx>
                <posy>350</posy>
                <width>2089</width>
                <height>900</height>
                <include condition="!Skin.HasSetting(BlackGlassMode)">bg_tvguide</include>
                <include condition="Skin.HasSetting(BlackGlassMode)">bg_tvguide_BG</include>
            </control>
            <control type="image">
                <posx>693</posx>
                <posy>937</posy>
                <width>1227</width>
                <height>73</height>
                <texture border="3">list/bg_facade_nofocus_top.png</texture>
            </control>
            <control type="group">
                <control type="panel" id="51">
                    <viewtype label="31090">Panel</viewtype>
                    <posx>693</posx>
                    <posy>406</posy>
                    <width>1227</width>
                    <height>602</height>
                    <orientation>vertical</orientation>
                    <onleft>6061</onleft>
                    <onright>60</onright>
                    <onup>51</onup>
                    <ondown>51</ondown>
                    <preloaditems>4</preloaditems>
                    <pagecontrol>60</pagecontrol>
                    <scrolltime>400</scrolltime>
                    <itemlayout condition="Container.content(MusicVideos) | Container.Content(Movies) | container.content(TVshows) | container.content(seasons)|Container.Content(sets)" height="297" width="201">
                        <control type="image">
                            <posx>0</posx>
                            <posy>0</posy>
                            <width>218</width>
                            <height>302</height>
                            <include>PosterThumb</include>
                            <include>ThumbBorder</include>
                        </control>
                        <control type="image">
                            <posx>160</posx>
                            <posy>244</posy>
                            <width>28</width>
                            <height>28</height>
                            <texture>$VAR[Overlay]</texture>
                        </control>
                    </itemlayout>
                    <focusedlayout condition="Container.content(MusicVideos) | Container.Content(Movies) | container.content(TVshows) | container.content(seasons)|Container.Content(sets)" height="297" width="201">
                        <control type="image">
                            <posx>0</posx>
                            <posy>0</posy>
                            <width>218</width>
                            <height>302</height>
                            <include>PosterThumb</include>
                            <include>ThumbBorderOverlay</include>
                        </control>
                        <control type="image">
                            <posx>160</posx>
                            <posy>244</posy>
                            <width>28</width>
                            <height>28</height>
                            <texture>$VAR[Overlay]</texture>
                        </control>
                    </focusedlayout>
                    <itemlayout condition="container.content(episodes)" height="297" width="405">
                        <control type="image">
                            <posx>0</posx>
                            <posy>0</posy>
                            <width>408</width>
                            <height>253</height>
                            <aspectratio>scale</aspectratio>
                            <include>EpisodeThumb</include>
                            <include>ThumbBorder</include>
                        </control>
                        <control type="label">
                            <posx>27</posx>
                            <posy>235</posy>
                            <width>353</width>
                            <height>70</height>
                            <align>center</align>
                            <textcolor>ListNoFocusColor</textcolor>
                            <font>FacadePanelFont</font>
                            <label>$INFO[ListItem.Label]</label>
                            <scroll>false</scroll>
                        </control>
                        <control type="image">
                            <posx>350</posx>
                            <posy>195</posy>
                            <width>28</width>
                            <height>28</height>
                            <texture>$VAR[Overlay]</texture>
                        </control>
                    </itemlayout>
                    <focusedlayout condition="container.content(episodes)" height="297" width="268">
                        <control type="image">
                            <posx>0</posx>
                            <posy>0</posy>
                            <width>408</width>
                            <height>253</height>
                            <aspectratio>scale</aspectratio>
                            <include>EpisodeThumb</include>
                            <include>ThumbBorderOverlay</include>
                        </control>
                        <control type="label">
                            <posx>27</posx>
                            <posy>235</posy>
                            <width>353</width>
                            <height>70</height>
                            <align>center</align>
                            <textcolor>ListFocusColor</textcolor>
                            <font>FacadePanelFont</font>
                            <label>$INFO[ListItem.Label]</label>
                        </control>
                        <control type="image">
                            <posx>350</posx>
                            <posy>195</posy>
                            <width>28</width>
                            <height>28</height>
                            <texture>$VAR[Overlay]</texture>
                        </control>
                    </focusedlayout>
                    <itemlayout condition="!container.content(episodes)|![Container.content(MusicVideos) | Container.Content(Movies) | container.content(TVshows) | container.content(seasons)|Container.Content(sets)]" height="297" width="297">
                        <control type="image">
                            <posx>35</posx>
                            <posy>0</posy>
                            <width>253</width>
                            <height>253</height>
                            <include>SquareThumb</include>
                            <include>ThumbBorder</include>
                        </control>
                        <control type="label">
                            <posx>72</posx>
                            <posy>225</posy>
                            <width>180</width>
                            <height>70</height>
                            <align>center</align>
                            <textcolor>ListNoFocusColor</textcolor>
                            <font>FacadePanelFont</font>
                            <label>$INFO[ListItem.Label]</label>
                            <scroll>false</scroll>
                        </control>
                        <control type="image">
                            <posx>40</posx>
                            <posy>247</posy>
                            <width>28</width>
                            <height>28</height>
                            <texture>$VAR[Overlay]</texture>
                        </control>
                    </itemlayout>
                    <focusedlayout condition="!container.content(episodes)|![Container.content(MusicVideos) | Container.Content(Movies) | container.content(TVshows) | container.content(seasons)|Container.Content(sets)]" height="297" width="403">
                        <control type="image">
                            <posx>35</posx>
                            <posy>0</posy>
                            <width>253</width>
                            <height>253</height>
                            <include>SquareThumb</include>
                            <include>ThumbBorderOverlay</include>
                        </control>
                        <control type="label">
                            <posx>72</posx>
                            <posy>225</posy>
                            <width>180</width>
                            <height>70</height>
                            <align>center</align>
                            <textcolor>ListFocusColor</textcolor>
                            <font>FacadePanelFont</font>
                            <label>$INFO[ListItem.Label]</label>
                        </control>
                        <control type="image">
                            <posx>40</posx>
                            <posy>247</posy>
                            <width>28</width>
                            <height>28</height>
                            <texture>$VAR[Overlay]</texture>
                        </control>
                    </focusedlayout>
                </control>
            </control>
            <control type="label">
                <include>FacadeNumItems</include>
                <label>$INFO[Container.NumItems] $LOCALIZE[31025]</label>
            </control>
            <control type="scrollbar" id="60">
                <animation effect="slide" start="0,0" end="-8,0" time="150">Focus</animation>
                <animation effect="slide" start="-8,0" end="0,0" time="300">UnFocus</animation>
                <posx>1899</posx>
                <posy>406</posy>
                <height>602</height>
                <include>VerticalScroller</include>
                <onleft>51</onleft>
                <onright>505050</onright>
            </control>
        </control>
    </include>
    <include name="DetatchedThumb_51">
        <control type="group">
            <visible>Control.IsVisible(51)</visible>
            <include>Icon_Fade</include>
            <!-- CDART MUSIC -->
            <include content="DiscArt">
                <param name="visible" value="!String.IsEmpty(ListItem.Thumb)+[Container.content(albums)|Container.content(songs)]"/>
                <param name="x" value="51"/>
                <param name="y" value="130"/>
                <param name="width" value="586"/>
                <param name="height" value="586"/>
                <param name="texture" value="$VAR[MusicCdArt]"/>
            </include>
            <!-- CDART VIDEO -->
            <include content="DiscArt">
                <param name="visible" value="!String.IsEmpty(ListItem.Thumb)+[Container.content(movies)|Container.content(MusicVideos)|Window.IsVisible(MyPlaylist.xml)]"/>
                <param name="x" value="51"/>
                <param name="y" value="236"/>
                <param name="width" value="374"/>
                <param name="height" value="374"/>
                <param name="texture" value="$VAR[VideoCdArt]"/>
            </include>
            <control type="image">
                <posx>18</posx>
                <posy>411</posy>
                <width>660</width>
                <height>654</height>
                <include>DetatchedThumb</include>
            </control>
        </control>
    </include>
</includes>
