<?xml version="1.0" encoding="utf-8"?>
<includes>
    <include name="ScrollOffsetLabel_55_BG">
        <control type="group">
            <left>755</left>
            <top>55</top>
            <include>ScrollOffsetLabel</include>
        </control>
    </include>
    <include name="Info_55_BigPanel_BG">
        <control type="group">
            <visible>Control.IsVisible(55)+
                [
                !String.IsEmpty(ListItem.Property(Artist_Description))|
                !String.IsEmpty(ListItem.AddonDescription)|
                !String.IsEmpty(ListItem.Property(Album_Description))|
                !String.IsEmpty(ListItem.Plot)
                ]
                +!Container.Content(songs)</visible>
            <include>Icon_Fade</include>
            <posy>37</posy>
            <!-- CDART MUSIC -->
            <include content="DiscArt">
                <param name="visible" value="!String.IsEmpty(ListItem.Thumb)+[Container.content(albums)|Container.content(songs)]"/>
                <param name="x" value="320"/>
                <param name="y" value="187"/>
                <param name="width" value="364"/>
                <param name="height" value="364"/>
                <param name="texture" value="$VAR[MusicCdArt]"/>
            </include>
            <!-- CDART VIDEO -->
            <include content="DiscArt">
                <param name="visible" value="!String.IsEmpty(ListItem.Thumb)+[Container.content(movies)|Container.content(MusicVideos)|Window.IsVisible(MyPlaylist.xml)]"/>
                <param name="x" value="138"/>
                <param name="y" value="137"/>
                <param name="width" value="464"/>
                <param name="height" value="464"/>
                <param name="texture" value="$VAR[VideoCdArt]"/>
            </include>
            <control type="image">
                <posx>18</posx>
                <posy>110</posy>
                <width>704</width>
                <height>518</height>
                <aspectratio align="left" aligny="top" scalediffuse="false">keep</aspectratio>
                <include>PosterThumb</include>
                <include>ThumbBorder</include>
            </control>
            <control type="group">
                <posx>0</posx>
                <posy>116</posy>
                <control type="group">
                    <posy>440</posy>
                    <visible>!Container.Content(Addons)</visible>
                    <control type="image">
                        <posx>TextMargin</posx>
                        <posy>92</posy>
                        <include>Stars</include>
                    </control>
                    <control type="label">
                        <posx>100</posx>
                        <posy>73</posy>
                        <width>460</width>
                        <height>71</height>
                        <font>InfoDetailsFont</font>
                        <textcolor>AlternateColor</textcolor>
                        <label fallback="416">$INFO[ListItem.RatingAndVotes]</label>
                    </control>
                </control>
                <control type="group">
                    <posy>440</posy>
                    <visible>Container.Content(Addons)</visible>
                    <control type="label">
                        <posx>TextMargin</posx>
                        <posy>73</posy>
                        <width>631</width>
                        <height>71</height>
                        <font>InfoDetailsFont</font>
                        <textcolor>MainColor</textcolor>
                        <label>$INFO[ListItem.AddonVersion,$LOCALIZE[24051] ]$INFO[ListItem.AddonSize,  •  $LOCALIZE[21802]: ]</label>
                    </control>
                </control>
                <control type="label">
                    <posx>TextMargin</posx>
                    <posy>573</posy>
                    <width>630</width>
                    <height>71</height>
                    <font>InfoDetailsFont</font>
                    <textcolor>AlternateColor</textcolor>
                    <label>$VAR[Details]</label>
                </control>
                <control type="textbox">
                    <visible>![Container.Content(movies)|Container.Content(episodes)|Container.Content(musicvideos)]</visible>
                    <posx>TextMargin</posx>
                    <posy>650</posy>
                    <width>635</width>
                    <height>240</height>
                    <font>InfoPlotFont</font>
                    <textcolor>MainColor</textcolor>
                    <label>$VAR[Plots]</label>
                    <pagecontrol>6060</pagecontrol>
                </control>
                <control type="scrollbar" id="6060">
                    <visible>![Container.Content(movies)|Container.Content(episodes)|Container.Content(musicvideos)]+Skin.HasSetting(ManualScroll)</visible>
                    <posx>680</posx>
                    <posy>650</posy>
                    <height>240</height>
                    <include>VerticalScroller</include>
                    <onleft>9000</onleft>
                    <onright>50</onright>
                </control>
                <control type="group">
                    <posy>420</posy>
                    <visible>[Container.Content(movies)|Container.Content(episodes)|Container.Content(musicvideos)]</visible>
                    <control type="textbox">
                        <posx>TextMargin</posx>
                        <posy>230</posy>
                        <width>635</width>
                        <height>160</height>
                        <font>InfoPlotFont</font>
                        <textcolor>MainColor</textcolor>
                        <label>$VAR[Plots]</label>
                        <pagecontrol>6060</pagecontrol>
                    </control>
                    <control type="scrollbar" id="6060">
                        <visible>Skin.HasSetting(ManualScroll)</visible>
                        <posx>680</posx>
                        <posy>230</posy>
                        <height>160</height>
                        <include>VerticalScroller</include>
                        <onleft>9000</onleft>
                        <onright>50</onright>
                    </control>
                    <control type="grouplist">
                        <posx>35</posx>
                        <posy>411</posy>
                        <width min="90" max="967">auto</width>
                        <height>90</height>
                        <itemgap>-8</itemgap>
                        <orientation>horizontal</orientation>
                        <align>left</align>
                        <aligny>center</aligny>
                        <include>CodecsView</include>
                    </control>
                </control>
            </control>
        </control>
    </include>
    <include name="View_55_BigPanel_BG">
        <control type="group">
            <visible>Control.IsVisible(55)</visible>
            <include>ScrollOffsetLabel_55_BG</include>
            <include content="ClearArtLogo">
                <param name="x" value="875"/>
                <param name="y" value="10"/>
                <param name="width" value="300"/>
                <param name="height" value="149"/>
                <param name="visible" value="true"/>
                <param name="align" value="left"/>
                <param name="aligny" value="bottom"/>
            </include>
            <include content="StudioArt">
                <param name="x" value="1175"/>
                <param name="y" value="20"/>
                <param name="width" value="300"/>
                <param name="height" value="140"/>
                <param name="visible" value="true"/>
                <param name="align" value="left"/>
                <param name="aligny" value="bottom"/>
            </include>
            <control type="image">
                <posx>704</posx>
                <posy>125</posy>
                <width>1445</width>
                <height>1160</height>
                <include condition="!Skin.HasSetting(BlackGlassMode)">bg_tvguide</include>
                <include condition="Skin.HasSetting(BlackGlassMode)">bg_tvguide_BG</include>
            </control>
            <control type="image">
                <posx>740</posx>
                <posy>939</posy>
                <width>1180</width>
                <height>73</height>
                <texture border="3">list/bg_facade_nofocus_top.png</texture>
            </control>
            <control type="panel" id="55">
                <viewtype label="31090">Panel</viewtype>
                <posx>740</posx>
                <posy>185</posy>
                <width>1227</width>
                <height>818</height>
                <orientation>vertical</orientation>
                <onleft>6060</onleft>
                <onright>60</onright>
                <onup>55</onup>
                <ondown>55</ondown>
                <preloaditems>4</preloaditems>
                <pagecontrol>60</pagecontrol>
                <itemlayout condition="[Container.Content(TVShows)|Container.Content(seasons)|Container.Content(movies)|Container.Content(sets)] + Skin.HasSetting(55_UseBanners)" height="272" width="1250">
                    <control type="group">
                        <posx>0</posx>
                        <posy>0</posy>
                        <control type="image">
                            <posx>10</posx>
                            <posy>0</posy>
                            <width>1163</width>
                            <height>251</height>
                            <texture background="true" fallback="common/BlackDotT.png">$VAR[Banner]</texture>
                            <aspectratio>scale</aspectratio>
                            <include>ThumbBorder</include>
                        </control>
                        <control type="image">
                            <posx>1115</posx>
                            <posy>193</posy>
                            <width>28</width>
                            <height>28</height>
                            <texture>$VAR[Overlay]</texture>
                        </control>
                    </control>
                </itemlayout>
                <focusedlayout condition="[Container.Content(TVShows)|Container.Content(seasons)|Container.Content(movies)|Container.Content(sets)] + Skin.HasSetting(55_UseBanners)" height="272" width="1250">
                    <control type="group">
                        <posx>0</posx>
                        <posy>0</posy>
                        <control type="image">
                            <posx>10</posx>
                            <posy>0</posy>
                            <width>1163</width>
                            <height>251</height>
                            <texture background="true" fallback="common/BlackDotT.png">$VAR[Banner]</texture>
                            <aspectratio>scale</aspectratio>
                            <include>ThumbBorderOverlay</include>
                        </control>
                        <control type="image">
                            <posx>1115</posx>
                            <posy>193</posy>
                            <width>28</width>
                            <height>28</height>
                            <texture>$VAR[Overlay]</texture>
                        </control>
                    </control>
                </focusedlayout>
                <itemlayout condition="[Container.Content(musicvideos)|Container.Content(TVShows)|Container.Content(seasons)|Container.Content(movies)|Container.Content(sets)] + !Skin.HasSetting(55_UseBanners)" height="404" width="290">
                    <control type="image">
                        <posx>0</posx>
                        <posy>0</posy>
                        <width>292</width>
                        <height>410</height>
                        <include>PosterThumb</include>
                        <include>ThumbBorder</include>
                    </control>
                    <control type="image">
                        <posx>234</posx>
                        <posy>352</posy>
                        <width>28</width>
                        <height>28</height>
                        <texture>$VAR[Overlay]</texture>
                    </control>
                </itemlayout>
                <focusedlayout condition="[Container.Content(musicvideos)|Container.Content(TVShows)|Container.Content(seasons)|Container.Content(movies)|Container.Content(sets)] + !Skin.HasSetting(55_UseBanners)" height="404" width="290">
                    <control type="image">
                        <posx>0</posx>
                        <posy>0</posy>
                        <width>292</width>
                        <height>410</height>
                        <include>PosterThumb</include>
                        <include>ThumbBorderOverlay</include>
                    </control>
                    <control type="image">
                        <posx>234</posx>
                        <posy>352</posy>
                        <width>28</width>
                        <height>28</height>
                        <texture>$VAR[Overlay]</texture>
                    </control>
                </focusedlayout>
                <itemlayout condition="container.content(episodes)" height="273" width="387">
                    <control type="image">
                        <posx>0</posx>
                        <posy>0</posy>
                        <width>390</width>
                        <height>243</height>
                        <aspectratio>scale</aspectratio>
                        <include>EpisodeThumb</include>
                        <include>ThumbBorder</include>
                    </control>
                    <control type="label">
                        <posx>27</posx>
                        <posy>215</posy>
                        <width>335</width>
                        <height>70</height>
                        <align>center</align>
                        <textcolor>ListNoFocusColor</textcolor>
                        <font>FacadePanelFont</font>
                        <label>$INFO[ListItem.Label]</label>
                        <scroll>false</scroll>
                    </control>
                    <control type="image">
                        <posx>332</posx>
                        <posy>185</posy>
                        <width>28</width>
                        <height>28</height>
                        <texture>$VAR[Overlay]</texture>
                    </control>
                </itemlayout>
                <focusedlayout condition="container.content(episodes)" height="273" width="387">
                    <control type="image">
                        <posx>0</posx>
                        <posy>0</posy>
                        <width>390</width>
                        <height>243</height>
                        <aspectratio>scale</aspectratio>
                        <include>EpisodeThumb</include>
                        <include>ThumbBorderOverlay</include>
                    </control>
                    <control type="label">
                        <posx>27</posx>
                        <posy>215</posy>
                        <width>335</width>
                        <height>70</height>
                        <align>center</align>
                        <textcolor>ListFocusColor</textcolor>
                        <font>FacadePanelFont</font>
                        <label>$INFO[ListItem.Label]</label>
                    </control>
                    <control type="image">
                        <posx>332</posx>
                        <posy>185</posy>
                        <width>28</width>
                        <height>28</height>
                        <texture>$VAR[Overlay]</texture>
                    </control>
                </focusedlayout>
                <itemlayout condition="![Container.Content(musicvideos) |Container.Content(tvshows) | Container.Content(Movies) | container.content(seasons) | container.content(episodes)|Container.Content(sets)]" height="273" width="287">
                    <control type="image">
                        <posx>35</posx>
                        <posy>0</posy>
                        <width>263</width>
                        <height>245</height>
                        <include>SquareThumb</include>
                        <include>ThumbBorder</include>
                    </control>
                    <control type="label">
                        <posx>51</posx>
                        <posy>217</posy>
                        <width>230</width>
                        <height>70</height>
                        <align>center</align>
                        <textcolor>ListNoFocusColor</textcolor>
                        <font>FacadePanelFont</font>
                        <label>$INFO[ListItem.Label]</label>
                        <scroll>false</scroll>
                    </control>
                    <control type="image">
                        <posx>19</posx>
                        <posy>240</posy>
                        <width>28</width>
                        <height>28</height>
                        <texture>$VAR[Overlay]</texture>
                    </control>
                </itemlayout>
                <focusedlayout condition="![Container.Content(musicvideos) |Container.Content(tvshows) | Container.Content(Movies) | container.content(seasons) | container.content(episodes)|Container.Content(sets)]" height="273" width="287">
                    <control type="image">
                        <posx>35</posx>
                        <posy>0</posy>
                        <width>263</width>
                        <height>245</height>
                        <include>SquareThumb</include>
                        <include>ThumbBorderOverlay</include>
                    </control>
                    <control type="label">
                        <posx>51</posx>
                        <posy>217</posy>
                        <width>230</width>
                        <height>70</height>
                        <align>center</align>
                        <textcolor>ListFocusColor</textcolor>
                        <font>FacadePanelFont</font>
                        <label>$INFO[ListItem.Label]</label>
                    </control>
                    <control type="image">
                        <posx>19</posx>
                        <posy>240</posy>
                        <width>28</width>
                        <height>28</height>
                        <texture>$VAR[Overlay]</texture>
                    </control>
                </focusedlayout>
            </control>
            <control type="label">
                <visible>!Container.Content(Addons)</visible><posx>765</posx>
                <posy>1010</posy>
                <width>900</width>
                <height>68</height>
                <font>FacadeNumItemsFont</font>
                <textcolor>MainColor</textcolor>
                <label>[B]$INFO[ListItem.Label][/B]</label>
            </control>
            <control type="label">
                <visible>Container.Content(Addons)</visible>
                <posx>765</posx>
                <posy>1010</posy>
                <width>900</width>
                <height>68</height>
                <font>FacadeNumItemsFont</font>
                <textcolor>MainColor</textcolor>
                <label>[B]$INFO[ListItem.Label][/B]$INFO[ListItem.AddonVersion, ]</label>
            </control>
            <control type="label">
                <include>FacadeNumItems</include>
                <label>$INFO[Container.NumItems] $LOCALIZE[31025]</label>
            </control>
            <control type="scrollbar" id="60">
                <animation effect="slide" start="0,0" end="-8,0" time="150">Focus</animation>
                <animation effect="slide" start="-8,0" end="0,0" time="300">UnFocus</animation>
                <posx>1899</posx>
                <posy>185</posy>
                <height>818</height>
                <include>VerticalScroller</include>
                <onleft>55</onleft>
                <onright>505050</onright>
            </control>
        </control>
    </include>
    <include name="DetatchedThumb_55_BG">
        <control type="group">
            <visible>Control.IsVisible(55)</visible>
            <include>Icon_Fade</include>
            <posy>37</posy>
            <!-- CDART MUSIC -->
            <include content="DiscArt">
                <param name="visible" value="!String.IsEmpty(ListItem.Thumb)+[Container.content(albums)|Container.content(songs)]"/>
                <param name="x" value="320"/>
                <param name="y" value="187"/>
                <param name="width" value="364"/>
                <param name="height" value="364"/>
                <param name="texture" value="$VAR[MusicCdArt]"/>
            </include>
            <!-- CDART VIDEO -->
            <include content="DiscArt">
                <param name="visible" value="!String.IsEmpty(ListItem.Thumb)+[Container.content(movies)|Container.content(MusicVideos)|Window.IsVisible(MyPlaylist.xml)]"/>
                <param name="x" value="138"/>
                <param name="y" value="137"/>
                <param name="width" value="464"/>
                <param name="height" value="464"/>
                <param name="texture" value="$VAR[VideoCdArt]"/>
            </include>
            <control type="image">
                <posx>18</posx>
                <posy>110</posy>
                <width>704</width>
                <height>518</height>
                <include>DetatchedThumb</include>
            </control>
        </control>
    </include>
</includes>
