<?xml version="1.0" encoding="utf-8"?>
<includes>
    <include name="ConditionSingleLine">
        <visible>![
            [!Container.Content(Addons) + Window.IsActive(MyPics.xml) + !Skin.HasSetting(plexbmc) + !String.IsEmpty(ListItem.Date)]|
            [Container.Content(Albums) + !String.IsEmpty(ListItem.Artist)]|
            [Container.Content(Episodes) + !String.IsEmpty(ListItem.Duration)]|
            [Container.Content(Episodes) + Skin.HasSetting(plexbmc) + !ListItem.IsParentFolder ]|
            [Container.Content(Addons) + !String.IsEmpty(ListItem.AddonCreator)]|
            [Container.Content(Songs) + !String.IsEmpty(ListItem.Album)]|
            [Container.Content(Artists) + [!String.IsEmpty(ListItem.Property(artist_genre)) | !String.IsEmpty(ListItem.Property(artist_style))]]|
            [Container.Content(MusicVideos) + !String.IsEmpty(ListItem.Duration)]|
            [Container.Content(Sets) + !String.IsEmpty(ListItem.Year)]|
            [Window.IsVisible(script-ExtendedInfo Script-VideoList.xml) + !String.IsEmpty(ListItem.Year)]|
            [Container.Content(Movies) + !String.IsEmpty(ListItem.Duration)]|
            [[Container.Content(Seasons) | Container.Content(TVShows)] + !String.IsEmpty(ListItem.Property(UnWatchedEpisodes))]|
            [!String.IsEmpty(ListItem.Label2)]
            ]
        </visible>
    </include>
    <include name="ConditionDoubleLine">
        <visible>[
            [!Container.Content(Addons) + Window.IsActive(MyPics.xml) + !Skin.HasSetting(plexbmc) + !String.IsEmpty(ListItem.Date)]|
            [Container.Content(Albums) + !String.IsEmpty(ListItem.Artist)]|
            [Container.Content(Episodes) + !String.IsEmpty(ListItem.Duration)]|
            [Container.Content(Episodes) + Skin.HasSetting(plexbmc) + !ListItem.IsParentFolder ]|
            [Container.Content(Addons) + !String.IsEmpty(ListItem.AddonCreator)]|
            [Container.Content(Songs) + !String.IsEmpty(ListItem.Album)]|
            [Container.Content(Artists) + [!String.IsEmpty(ListItem.Property(artist_genre)) | !String.IsEmpty(ListItem.Property(artist_style))]]|
            [Container.Content(MusicVideos) + !String.IsEmpty(ListItem.Duration)]|
            [Container.Content(Sets) + !String.IsEmpty(ListItem.Year)]|
            [Window.IsVisible(script-ExtendedInfo Script-VideoList.xml) + !String.IsEmpty(ListItem.Year)]|
            [Container.Content(Movies) + !String.IsEmpty(ListItem.Duration)]|
            [[Container.Content(Seasons) | Container.Content(TVShows)] + !String.IsEmpty(ListItem.Property(UnWatchedEpisodes))]|
            [!String.IsEmpty(ListItem.Label2)]
            ]
        </visible>
    </include>
    <include name="ListWatchedOverlay">
        <posx>1437r</posx>
        <posy>0</posy>
        <width>26</width>
        <texture>$VAR[Overlay]</texture>
        <aspectratio aligny="center">keep</aspectratio>
        <fadetime>0</fadetime>
    </include>
    <include name="ListWatchedOverlayFocus">
        <control type="image">
            <include>ConditionDoubleLine</include>
            <height>42</height>
            <include>ListWatchedOverlay</include>
        </control>
        <control type="image">
            <include>ConditionSingleLine</include>
            <height>71</height>
            <include>ListWatchedOverlay</include>
        </control>
    </include>
    <include name="ListWatchedOverlayNoFocus">
        <control type="image">
            <include>ConditionDoubleLine</include>
            <height>42</height>
            <colordiffuse>aaffffff</colordiffuse>
            <include>ListWatchedOverlay</include>
        </control>
        <control type="image">
            <include>ConditionSingleLine</include>
            <height>71</height>
            <colordiffuse>aaffffff</colordiffuse>
            <include>ListWatchedOverlay</include>
        </control>
    </include>
    <include name="ConditionLargeList">
        <visible>[!Control.isvisible(50100)+!Skin.HasSetting(FixedShortListUnknown)]|
            control.hasfocus(60)|
            [!Skin.HasSetting(FixedShortListUnknown)+
            [
            String.IsEmpty(ListItem.AddonDescription)+
            String.IsEmpty(ListItem.Property(Artist_Description))+
            String.IsEmpty(ListItem.Property(Album_Description))+
            String.IsEmpty(ListItem.Plot)
            ]]</visible>
    </include>
    <include name="ConditionShortList">
        <visible>![[!Control.isvisible(50100)+!Skin.HasSetting(FixedShortListUnknown)]|
            control.hasfocus(60)|
            [!Skin.HasSetting(FixedShortListUnknown)+
            [
            String.IsEmpty(ListItem.AddonDescription)+
            String.IsEmpty(ListItem.Property(Artist_Description))+
            String.IsEmpty(ListItem.Property(Album_Description))+
            String.IsEmpty(ListItem.Plot)
            ]]
            ]</visible>
    </include>
    <include name="ScrollOffsetLabel_50">
        <control type="group">
            <left>1275</left>
            <top>280</top>
            <include>ScrollOffsetLabel</include>
        </control>
    </include>
    <include name="Info_50_List">
        <control type="group" id="50100">
            <include>SlideView</include>
            <include>HideMediaInfo</include>
            <visible>Control.IsVisible(50)+
                ![
                String.IsEmpty(ListItem.Property(Artist_Description))+
                String.IsEmpty(ListItem.AddonDescription)+
                String.IsEmpty(ListItem.Property(Album_Description))+
                String.IsEmpty(ListItem.Plot)
                ]
                +!Container.Content(songs)</visible>
            <include>Icon_Fade</include>
            <control type="image">
                <posx>-795</posx>
                <posy>350</posy>
                <width>2058</width>
                <height>900</height>
                <include condition="!Skin.HasSetting(BlackGlassMode)">bg_tvguide</include>
                <include condition="Skin.HasSetting(BlackGlassMode)">bg_tvguide_BG</include>
            </control>
            <control type="image">
                <posx>242</posx>
                <posy>399</posy>
                <height>700</height>
                <width>250</width>
                <texture>list/bg_strip_horizontal_left.png</texture>
                <colordiffuse>90ffffff</colordiffuse>
            </control>
            <control type="image">
                <posx>493</posx>
                <posy>399</posy>
                <width>2</width>
                <height>700</height>
                <texture>list/bg_facade_vertical.png</texture>
            </control>
            <!-- CDART MUSIC -->
            <include content="DiscArt">
                <param name="visible" value="!String.IsEmpty(ListItem.Thumb)+[Container.content(albums)|Container.content(songs)]"/>
                <param name="x" value="51"/>
                <param name="y" value="221"/>
                <param name="width" value="404"/>
                <param name="height" value="404"/>
                <param name="texture" value="$VAR[MusicCdArt]"/>
            </include>
            <!-- CDART VIDEO -->
            <include content="DiscArt">
                <param name="visible" value="!String.IsEmpty(ListItem.Thumb)+[Container.content(movies)|Container.content(MusicVideos)|Window.IsVisible(MyPlaylist.xml)]"/>
                <param name="x" value="51"/>
                <param name="y" value="221"/>
                <param name="width" value="404"/>
                <param name="height" value="404"/>
                <param name="texture" value="$VAR[VideoCdArt]"/>
            </include>
            <control type="image">
                <posx>18</posx>
                <posy>411</posy>
                <width>470</width>
                <height>654</height>
                <aspectratio aligny="top" scalediffuse="false">keep</aspectratio>
                <include>EpisodeThumb</include>
                <include>ThumbBorder</include>
            </control>
            <control type="group">
                <visible>![Skin.HasSetting(plexbmc)+window.isvisible(MyMusicSongs.xml)]</visible>
                <posx>495</posx>
                <posy>426</posy>
                <control type="label">
                    <posx>TextMargin</posx>
                    <posy>-12</posy>
                    <width>631</width>
                    <height>71</height>
                    <font>InfoTitleFont</font>
                    <textcolor>MainColor</textcolor>
                    <align>left</align>
                    <label>$INFO[ListItem.Label]</label>
                </control>
                <control type="image">
                    <posx>0</posx>
                    <posy>0</posy>
                    <width>721</width>
                    <height>73</height>
                    <texture border="3">list/bg_facade_nofocus_top.png</texture>
                </control>
                <control type="group">
                    <visible>!Container.Content(Addons)</visible>
                    <control type="image">
                        <posx>TextMargin</posx>
                        <posy>92</posy>
                        <include>Stars</include>
                    </control>
                    <control type="label">
                        <posx>100</posx>
                        <posy>73</posy>
                        <width>460</width>
                        <height>71</height>
                        <font>InfoDetailsFont</font>
                        <textcolor>AlternateColor</textcolor>
                        <label fallback="416">$INFO[ListItem.RatingAndVotes]</label>
                    </control>
                </control>
                <control type="group">
                    <visible>Container.Content(Addons)</visible>
                    <control type="label">
                        <posx>TextMargin</posx>
                        <posy>73</posy>
                        <width>631</width>
                        <height>71</height>
                        <font>InfoDetailsFont</font>
                        <textcolor>AlternateColor</textcolor>
                        <label>$INFO[ListItem.AddonVersion,$LOCALIZE[24051] ]$INFO[ListItem.AddonSize,  •  $LOCALIZE[21802]: ]</label>
                    </control>
                </control>
                <control type="image">
                    <posx>0</posx>
                    <posy>73</posy>
                    <width>721</width>
                    <height>73</height>
                    <texture border="3">list/bg_facade_nofocus_top.png</texture>
                </control>
                <control type="label">
                    <posx>TextMargin</posx>
                    <posy>146</posy>
                    <width>631</width>
                    <height>71</height>
                    <font>InfoDetailsFont</font>
                    <textcolor>MainColor</textcolor>
                    <label>$VAR[Details_TVShows_Extended]</label>
                </control>
                <control type="image">
                    <posx>0</posx>
                    <posy>146</posy>
                    <width>721</width>
                    <height>73</height>
                    <texture border="3">list/bg_facade_nofocus_top.png</texture>
                </control>
                <control type="label">
                    <posx>TextMargin</posx>
                    <posy>219</posy>
                    <width>631</width>
                    <height>71</height>
                    <font>InfoDetailsFont</font>
                    <textcolor>AlternateColor</textcolor>
                    <label>$VAR[Details2]</label>
                </control>
                <control type="image">
                    <posx>0</posx>
                    <posy>219</posy>
                    <width>721</width>
                    <height>73</height>
                    <texture border="3">list/bg_facade_nofocus_top.png</texture>
                </control>
                <control type="textbox">
                    <visible>![Container.Content(movies)|Container.Content(episodes)|Container.Content(musicvideos)]</visible>
                    <posx>TextMargin</posx>
                    <posy>305</posy>
                    <width>631</width>
                    <height>320</height>
                    <font>InfoPlotFont</font>
                    <textcolor>MainColor</textcolor>
                    <label>$VAR[Plots]</label>
                    <pagecontrol>6060</pagecontrol>
                </control>
                <control type="scrollbar" id="6060">
                    <visible>![Container.Content(movies)|Container.Content(episodes)|Container.Content(musicvideos)]+Skin.HasSetting(ManualScroll)</visible>
                    <posx>689</posx>
                    <posy>305</posy>
                    <height>320</height>
                    <include>VerticalScroller</include>
                    <onleft>9000</onleft>
                    <onright>50</onright>
                </control>
                <control type="group">
                    <visible>[Container.Content(movies)|Container.Content(episodes)|Container.Content(musicvideos)]</visible>
                    <control type="textbox">
                        <posx>TextMargin</posx>
                        <posy>315</posy>
                        <width>631</width>
                        <height>200</height>
                        <font>InfoPlotFont</font>
                        <textcolor>MainColor</textcolor>
                        <label>$VAR[Plots]</label>
                        <pagecontrol>6060</pagecontrol>
                    </control>
                    <control type="scrollbar" id="6060">
                        <visible>Skin.HasSetting(ManualScroll)</visible>
                        <posx>689</posx>
                        <posy>315</posy>
                        <height>200</height>
                        <include>VerticalScroller</include>
                        <onleft>9000</onleft>
                        <onright>50</onright>
                    </control>
                    <control type="image">
                        <posx>0</posx>
                        <posy>468</posy>
                        <width>721</width>
                        <height>73</height>
                        <texture border="3">list/bg_facade_nofocus_top.png</texture>
                    </control>
                    <control type="grouplist">
                        <posx>35</posx>
                        <posy>563</posy>
                        <width min="90" max="967">auto</width>
                        <height>90</height>
                        <itemgap>-8</itemgap>
                        <orientation>horizontal</orientation>
                        <align>left</align>
                        <aligny>center</aligny>
                        <include>CodecsView</include>
                    </control>
                </control>
            </control>
            <control type="group">
                <visible>Skin.HasSetting(plexbmc)+window.isvisible(MyMusicSongs.xml)</visible>
                <posx>495</posx>
                <posy>426</posy>
                <control type="label">
                    <posx>TextMargin</posx>
                    <posy>-12</posy>
                    <width>630</width>
                    <height>71</height>
                    <font>InfoTitleFont</font>
                    <textcolor>MainColor</textcolor>
                    <align>left</align>
                    <label>$INFO[ListItem.Label]</label>
                </control>
                <control type="image">
                    <posx>0</posx>
                    <posy>0</posy>
                    <width>721</width>
                    <height>73</height>
                    <texture border="3">list/bg_facade_nofocus_top.png</texture>
                </control>
                <control type="textbox">
                    <posx>TextMargin</posx>
                    <posy>95</posy>
                    <width>630</width>
                    <height>520</height>
                    <font>InfoPlotFont</font>
                    <textcolor>AlternateBrightColor</textcolor>
                    <label>$VAR[Plots]</label>
                    <pagecontrol>6060</pagecontrol>
                </control>
                <control type="scrollbar" id="6060">
                    <visible>Skin.HasSetting(ManualScroll)</visible>
                    <posx>689</posx>
                    <posy>95</posy>
                    <height>520</height>
                    <include>VerticalScroller</include>
                    <onleft>9000</onleft>
                    <onright>50</onright>
                </control>
            </control>
        </control>
    </include>
    <include name="List_Layout">
        <itemlayout height="73" width="1440">
            <control type="image">
                <posx>0</posx>
                <posy>0</posy>
                <height>73</height>
                <width>1440</width>
                <texture border="3">list/bg_facade_nofocus.png</texture>
            </control>
            <control type="group">
                <include>ConditionLargeList</include>
                <include content="ProgressBar">
                    <param name="id" value="0"/>
                    <param name="visible" value="Integer.IsGreater(ListItem.PercentPlayed,0)"/>
                    <param name="x" value="0"/>
                    <param name="y" value="-37"/>
                    <param name="width" value="1440"/>
                    <param name="height" value="73"/>
                    <param name="texturebg" value="-"/>
                    <param name="gfx" value="OSD/osd_progress_mid.png"/>
                    <param name="border" value="0"/>
                    <param name="borderbg" value="0"/>
                    <param name="coldiffbg" value="ffffffff"/>
                    <param name="colordiffuse" value="NoFocusedProgressColor"/>
                    <param name="info" value="ListItem.PercentPlayed"/>
                    <param name="reveal" value="false"/>
                </include>
                <control type="label">
                    <include>ConditionSingleLine</include>
                    <posx>35</posx>
                    <height>71</height>
                    <width>1380</width>
                    <font>FacadeListMainFont</font>
                    <textcolor>ListNoFocusColor</textcolor>
                    <label>$INFO[ListItem.Label]</label>
                    <scroll>false</scroll>
                </control>
                <control type="label">
                    <include>ConditionDoubleLine</include>
                    <posx>35</posx>
                    <height>42</height>
                    <width>1380</width>
                    <font>FacadeListMainFont</font>
                    <textcolor>ListNoFocusColor</textcolor>
                    <label>$INFO[ListItem.Label]</label>
                    <scroll>false</scroll>
                </control>
                <control type="label">
                    <include>ConditionDoubleLine</include>
                    <posx>35</posx>
                    <posy>39</posy>
                    <height>28</height>
                    <width>1380</width>
                    <font>FacadeListSubFont</font>
                    <textcolor>SublistNoFocusColor</textcolor>
                    <label>$VAR[Details]</label>
                    <scroll>false</scroll>
                </control>
            </control>
            <control type="group">
                <include>ConditionShortList</include>
                <include content="ProgressBar">
                    <param name="id" value="0"/>
                    <param name="visible" value="Integer.IsGreater(ListItem.PercentPlayed,0)"/>
                    <param name="x" value="0"/>
                    <param name="y" value="-37"/>
                    <param name="width" value="660"/>
                    <param name="height" value="73"/>
                    <param name="texturebg" value="-"/>
                    <param name="gfx" value="OSD/osd_progress_mid.png"/>
                    <param name="border" value="0"/>
                    <param name="borderbg" value="0"/>
                    <param name="coldiffbg" value="ffffffff"/>
                    <param name="colordiffuse" value="NoFocusedProgressColor"/>
                    <param name="info" value="ListItem.PercentPlayed"/>
                    <param name="reveal" value="false"/>
                </include>
                <control type="label">
                    <include>ConditionSingleLine</include>
                    <posx>35</posx>
                    <height>71</height>
                    <width>595</width>
                    <font>FacadeListMainFont</font>
                    <textcolor>ListNoFocusColor</textcolor>
                    <label>$INFO[ListItem.Label]</label>
                    <scroll>false</scroll>
                </control>
                <control type="label">
                    <include>ConditionDoubleLine</include>
                    <posx>35</posx>
                    <height>42</height>
                    <width>595</width>
                    <font>FacadeListMainFont</font>
                    <textcolor>ListNoFocusColor</textcolor>
                    <label>$INFO[ListItem.Label]</label>
                    <scroll>false</scroll>
                </control>
                <control type="label">
                    <include>ConditionDoubleLine</include>
                    <posx>35</posx>
                    <posy>39</posy>
                    <height>28</height>
                    <width>595</width>
                    <font>FacadeListSubFont</font>
                    <textcolor>SublistNoFocusColor</textcolor>
                    <label>$VAR[Details]</label>
                    <scroll>false</scroll>
                </control>
            </control>
            <include>ListWatchedOverlayNoFocus</include>
        </itemlayout>
        <focusedlayout height="73" width="1440">
            <control type="image">
                <posx>0</posx>
                <posy>0</posy>
                <height>73</height>
                <width>1440</width>
                <include>FacadeFocus</include>
            </control>
            <control type="group">
                <include>ConditionLargeList</include>
                <include content="ProgressBar">
                    <param name="id" value="0"/>
                    <param name="visible" value="Integer.IsGreater(ListItem.PercentPlayed,0)"/>
                    <param name="x" value="0"/>
                    <param name="y" value="-37"/>
                    <param name="width" value="1440"/>
                    <param name="height" value="73"/>
                    <param name="texturebg" value="-"/>
                    <param name="gfx" value="OSD/osd_progress_mid.png"/>
                    <param name="border" value="0"/>
                    <param name="borderbg" value="0"/>
                    <param name="coldiffbg" value="ffffffff"/>
                    <param name="colordiffuse" value="FocusedProgressColor"/>
                    <param name="info" value="ListItem.PercentPlayed"/>
                    <param name="reveal" value="false"/>
                </include>
                <control type="label">
                    <include>ConditionSingleLine</include>
                    <posx>35</posx>
                    <height>71</height>
                    <width>1380</width>
                    <font>FacadeListMainFont</font>
                    <textcolor>ListFocusColor</textcolor>
                    <label>$INFO[ListItem.Label]</label>
                </control>
                <control type="label">
                    <include>ConditionDoubleLine</include>
                    <posx>35</posx>
                    <height>42</height>
                    <width>1380</width>
                    <font>FacadeListMainFont</font>
                    <textcolor>ListFocusColor</textcolor>
                    <label>$INFO[ListItem.Label]</label>
                </control>
                <control type="label">
                    <include>ConditionDoubleLine</include>
                    <posx>35</posx>
                    <posy>39</posy>
                    <height>28</height>
                    <width>1380</width>
                    <font>FacadeListSubFont</font>
                    <textcolor>SublistFocusColor</textcolor>
                    <label>$VAR[Details]</label>
                </control>
            </control>
            <control type="group">
                <include>ConditionShortList</include>
                <include content="ProgressBar">
                    <param name="id" value="0"/>
                    <param name="visible" value="Integer.IsGreater(ListItem.PercentPlayed,0)"/>
                    <param name="x" value="0"/>
                    <param name="y" value="-37"/>
                    <param name="width" value="660"/>
                    <param name="height" value="73"/>
                    <param name="texturebg" value="-"/>
                    <param name="gfx" value="OSD/osd_progress_mid.png"/>
                    <param name="border" value="0"/>
                    <param name="borderbg" value="0"/>
                    <param name="coldiffbg" value="ffffffff"/>
                    <param name="colordiffuse" value="FocusedProgressColor"/>
                    <param name="info" value="ListItem.PercentPlayed"/>
                    <param name="reveal" value="false"/>
                </include>
                <control type="label">
                    <include>ConditionSingleLine</include>
                    <posx>35</posx>
                    <height>71</height>
                    <width>595</width>
                    <font>FacadeListMainFont</font>
                    <textcolor>ListFocusColor</textcolor>
                    <label>$INFO[ListItem.Label]</label>
                </control>
                <control type="label">
                    <include>ConditionDoubleLine</include>
                    <posx>35</posx>
                    <height>42</height>
                    <width>595</width>
                    <font>FacadeListMainFont</font>
                    <textcolor>ListFocusColor</textcolor>
                    <label>$INFO[ListItem.Label]</label>
                </control>
                <control type="label">
                    <include>ConditionDoubleLine</include>
                    <posx>35</posx>
                    <posy>39</posy>
                    <height>28</height>
                    <width>595</width>
                    <font>FacadeListSubFont</font>
                    <textcolor>SublistFocusColor</textcolor>
                    <label>$VAR[Details]</label>
                </control>
            </control>
            <include>ListWatchedOverlayFocus</include>
        </focusedlayout>
    </include>
    <include name="View_50">
        <control type="group">
            <visible>Control.IsVisible(50)</visible>
            <include>Icon_Fade</include>
            <include content="ClearArtLogo">
                <param name="x" value="345r"/>
                <param name="y" value="150"/>
                <param name="width" value="300"/>
                <param name="height" value="235"/>
                <param name="visible" value="true"/>
                <param name="align" value="right"/>
                <param name="aligny" value="bottom"/>
            </include>
            <include content="StudioArt">
                <param name="x" value="904"/>
                <param name="y" value="245"/>
                <param name="width" value="300"/>
                <param name="height" value="140"/>
                <param name="visible" value="true"/>
                <param name="align" value="right"/>
                <param name="aligny" value="bottom"/>
            </include>
            <control type="group">
                <include>SlideViewUnknown</include>
                <include>SlideView</include>
                <include>ScrollOffsetLabel_50</include>
                <control type="image">
                    <posx>1224</posx>
                    <posy>350</posy>
                    <width>1522</width>
                    <height>900</height>
                    <include condition="!Skin.HasSetting(BlackGlassMode)">bg_tvguide</include>
                    <include condition="Skin.HasSetting(BlackGlassMode)">bg_tvguide_BG</include>
                </control>
                <control type="image">
                    <posx>1260</posx>
                    <posy>353</posy>
                    <width>1440</width>
                    <height>73</height>
                    <texture border="3">list/bg_facade_nofocus_top.png</texture>
                </control>
                <control type="image">
                    <visible>!Integer.IsGreater(Container(50).NumItems,7)</visible>
                    <posx>1260</posx>
                    <posy>937</posy>
                    <width>1440</width>
                    <height>73</height>
                    <texture border="3">list/bg_facade_nofocus_top.png</texture>
                </control>
                <control type="list" id="50">
                    <viewtype label="535">List</viewtype>
                    <posx>1260</posx>
                    <posy>426</posy>
                    <width>1440</width>
                    <height>584</height>
                    <pagecontrol>60</pagecontrol>
                    <onleft>6060</onleft>
                    <onright>60</onright>
                    <onup>50</onup>
                    <ondown>50</ondown>
                    <preloaditems>4</preloaditems>
                    <include>List_Layout</include>
                </control>
            </control>
            <control type="label">
                <include>FacadeNumItems</include>
                <label>$INFO[Container.NumItems] $LOCALIZE[31025]</label>
            </control>
            <control type="scrollbar" id="60">
                <visible allowhiddenfocus="true">Integer.IsGreater(Container(50).NumItems,7)</visible>
                <animation effect="slide" start="0,0" end="-8,0" time="150">Focus</animation>
                <animation effect="slide" start="-8,0" end="0,0" time="300">UnFocus</animation>
                <posx>1899</posx>
                <posy>421</posy>
                <height>586</height>
                <include>VerticalScroller</include>
                <onleft>50</onleft>
                <onright>505050</onright>
            </control>
        </control>
    </include>
    <include name="Info_50_ExtendedInfo">
        <control type="group" id="50100">
            <include>SlideView</include>
            <include>HideMediaInfo</include>
            <visible>Control.IsVisible(500)+!String.IsEmpty(Container(500).ListItem.Plot)</visible>
            <include>Icon_Fade</include>
            <control type="image">
                <posx>-795</posx>
                <posy>350</posy>
                <width>2058</width>
                <height>900</height>
                <include condition="!Skin.HasSetting(BlackGlassMode)">bg_tvguide</include>
                <include condition="Skin.HasSetting(BlackGlassMode)">bg_tvguide_BG</include>
            </control>
            <control type="image">
                <posx>242</posx>
                <posy>399</posy>
                <height>700</height>
                <width>250</width>
                <texture>list/bg_strip_horizontal_left.png</texture>
                <colordiffuse>90ffffff</colordiffuse>
            </control>
            <control type="image">
                <posx>493</posx>
                <posy>399</posy>
                <width>2</width>
                <height>700</height>
                <texture>list/bg_facade_vertical.png</texture>
            </control>
            <control type="image">
                <posx>18</posx>
                <posy>411</posy>
                <width>470</width>
                <height>654</height>
                <aspectratio aligny="top" scalediffuse="false">keep</aspectratio>
                <include>EpisodeThumb</include>
                <include>ThumbBorder</include>
            </control>
            <control type="group">
                <posx>495</posx>
                <posy>426</posy>
                <control type="label">
                    <posx>TextMargin</posx>
                    <posy>-12</posy>
                    <width>631</width>
                    <height>71</height>
                    <font>InfoTitleFont</font>
                    <textcolor>MainColor</textcolor>
                    <align>left</align>
                    <label>$INFO[Container(500).ListItem.Label]</label>
                </control>
                <control type="image">
                    <posx>0</posx>
                    <posy>0</posy>
                    <width>721</width>
                    <height>73</height>
                    <texture border="3">list/bg_facade_nofocus_top.png</texture>
                </control>
                <control type="group">
                    <control type="image">
                        <posx>TextMargin</posx>
                        <posy>92</posy>
                        <include>Stars</include>
                    </control>
                    <control type="label">
                        <posx>100</posx>
                        <posy>73</posy>
                        <width>460</width>
                        <height>71</height>
                        <font>InfoDetailsFont</font>
                        <textcolor>AlternateColor</textcolor>
                        <label fallback="416">$INFO[Container(500).ListItem.RatingAndVotes]</label>
                    </control>
                </control>
                <control type="image">
                    <posx>0</posx>
                    <posy>73</posy>
                    <width>721</width>
                    <height>73</height>
                    <texture border="3">list/bg_facade_nofocus_top.png</texture>
                </control>
                <control type="label">
                    <posx>TextMargin</posx>
                    <posy>146</posy>
                    <width>631</width>
                    <height>71</height>
                    <font>InfoDetailsFont</font>
                    <textcolor>MainColor</textcolor>
                    <label>$VAR[Details_TVShows_Extended]</label>
                </control>
                <control type="image">
                    <posx>0</posx>
                    <posy>146</posy>
                    <width>721</width>
                    <height>73</height>
                    <texture border="3">list/bg_facade_nofocus_top.png</texture>
                </control>
                <control type="label">
                    <posx>TextMargin</posx>
                    <posy>219</posy>
                    <width>631</width>
                    <height>71</height>
                    <font>InfoDetailsFont</font>
                    <textcolor>AlternateColor</textcolor>
                    <label>$VAR[Details2]</label>
                </control>
                <control type="image">
                    <posx>0</posx>
                    <posy>219</posy>
                    <width>721</width>
                    <height>73</height>
                    <texture border="3">list/bg_facade_nofocus_top.png</texture>
                </control>
                <control type="textbox">
                    <posx>TextMargin</posx>
                    <posy>305</posy>
                    <width>631</width>
                    <height>320</height>
                    <font>InfoPlotFont</font>
                    <textcolor>MainColor</textcolor>
                    <label>$VAR[Plots]</label>
                    <pagecontrol>6060</pagecontrol>
                </control>
                <control type="scrollbar" id="6060">
                    <visible>Skin.HasSetting(ManualScroll)</visible>
                    <posx>689</posx>
                    <posy>305</posy>
                    <height>320</height>
                    <include>VerticalScroller</include>
                    <onleft>9000</onleft>
                    <onright>50</onright>
                </control>
            </control>
        </control>
    </include>
    <include name="View_50_ExtendedInfo">
        <control type="group">
            <include content="ClearArtLogo">
                <param name="x" value="345r"/>
                <param name="y" value="150"/>
                <param name="width" value="300"/>
                <param name="height" value="235"/>
                <param name="visible" value="true"/>
                <param name="align" value="right"/>
                <param name="aligny" value="bottom"/>
            </include>
            <include content="StudioArt">
                <param name="x" value="904"/>
                <param name="y" value="245"/>
                <param name="width" value="300"/>
                <param name="height" value="140"/>
                <param name="visible" value="true"/>
                <param name="align" value="right"/>
                <param name="aligny" value="bottom"/>
            </include>
            <control type="group">
                <include>SlideViewUnknown</include>
                <include>SlideView</include>
                <include>ScrollOffsetLabel_50</include>
                <control type="image">
                    <posx>1224</posx>
                    <posy>350</posy>
                    <width>1522</width>
                    <height>900</height>
                    <include condition="!Skin.HasSetting(BlackGlassMode)">bg_tvguide</include>
                    <include condition="Skin.HasSetting(BlackGlassMode)">bg_tvguide_BG</include>
                </control>
                <control type="image">
                    <posx>1260</posx>
                    <posy>353</posy>
                    <width>1440</width>
                    <height>73</height>
                    <texture border="3">list/bg_facade_nofocus_top.png</texture>
                </control>
                <control type="image">
                    <visible>!Integer.IsGreater(Container(500).NumItems,7)</visible>
                    <posx>1260</posx>
                    <posy>937</posy>
                    <width>1440</width>
                    <height>73</height>
                    <texture border="3">list/bg_facade_nofocus_top.png</texture>
                </control>
                <control type="list" id="500">
                    <viewtype label="535">List</viewtype>
                    <posx>1260</posx>
                    <posy>426</posy>
                    <width>1440</width>
                    <height>584</height>
                    <pagecontrol>60</pagecontrol>
                    <onleft>9000</onleft>
                    <onright>60</onright>
                    <onup>700</onup>
                    <ondown>600</ondown>
                    <preloaditems>4</preloaditems>
                    <include>List_Layout</include>
                </control>
                <control type="button" id="600">
                    <onfocus>SetFocus(500)</onfocus>
                    <width>1</width>
                    <height>1</height>
                    <posx>-1000</posx>
                </control>
                <control type="button" id="700">
                    <onfocus>SetFocus(500)</onfocus>
                    <width>1</width>
                    <height>1</height>
                    <posx>-1000</posx>
                </control>
            </control>
            <control type="label">
                <include>FacadeNumItems</include>
                <label>$INFO[Window.Property(TotalItems)] $LOCALIZE[31025]</label>
            </control>
            <control type="scrollbar" id="60">
                <visible allowhiddenfocus="true">Integer.IsGreater(Container(500).NumItems,7)</visible>
                <animation effect="slide" start="0,0" end="-8,0" time="150">Focus</animation>
                <animation effect="slide" start="-8,0" end="0,0" time="300">UnFocus</animation>
                <posx>1899</posx>
                <posy>421</posy>
                <height>586</height>
                <include>VerticalScroller</include>
                <onleft>500</onleft>
                <onright>505050</onright>
            </control>
        </control>
    </include>
    <include name="View_50_Custom_Addons">
        <control type="group">
            <include>SlideViewUnknown</include>
            <include>SlideView</include>
            <include>ScrollOffsetLabel_50</include>
            <control type="image">
                <posx>1224</posx>
                <posy>350</posy>
                <width>1522</width>
                <height>900</height>
                <include condition="!Skin.HasSetting(BlackGlassMode)">bg_tvguide</include>
                <include condition="Skin.HasSetting(BlackGlassMode)">bg_tvguide_BG</include>
            </control>
            <control type="image">
                <posx>1260</posx>
                <posy>353</posy>
                <width>1440</width>
                <height>73</height>
                <texture border="3">list/bg_facade_nofocus_top.png</texture>
            </control>
            <control type="image">
                <visible>!Integer.IsGreater(Container(50).NumItems,7)</visible>
                <posx>1260</posx>
                <posy>937</posy>
                <width>1440</width>
                <height>73</height>
                <texture border="3">list/bg_facade_nofocus_top.png</texture>
            </control>
            <control type="list" id="50">
                <viewtype label="535">List</viewtype>
                <posx>1260</posx>
                <posy>426</posy>
                <width>1440</width>
                <height>584</height>
                <pagecontrol>60</pagecontrol>
                <onleft>9000</onleft>
                <onright>60</onright>
                <onup>50</onup>
                <ondown>50</ondown>
                <preloaditems>4</preloaditems>
                <include>List_Layout</include>
                <content>
                    <item id="2">
                        <visible>!System.HasAddon(script.skin.helper.service)</visible>
                        <visible>!Skin.HasSetting(Addons.Hide)</visible>
                        <label>$LOCALIZE[0]</label>
                        <onclick condition="!System.Platform.Android">ActivateWindow(Programs,Addons,return)</onclick>
                        <onclick condition="System.Platform.Android">ActivateWindow(Programs)</onclick>
                    </item>
                    <item id="2">
                        <visible>System.HasAddon(script.skin.helper.service)</visible>
                        <visible>!Skin.HasSetting(Addons.Hide)</visible>
                        <label>$LOCALIZE[0]</label>
                        <label2>$INFO[Window(Home).Property(SkinHelper.TotalProgramAddons),, $LOCALIZE[24001]]</label2>
                        <onclick condition="!System.Platform.Android">ActivateWindow(Programs,Addons,return)</onclick>
                        <onclick condition="System.Platform.Android">ActivateWindow(Programs)</onclick>
                    </item>
                    <item id="3">
                        <visible>!System.HasAddon(script.skin.helper.service)</visible>
                        <visible>!Skin.HasSetting(Addons.Hide)</visible>
                        <label>$LOCALIZE[1037]</label>
                        <onclick>ActivateWindow(Videos,Addons,return)</onclick>
                    </item>
                    <item id="3">
                        <visible>System.HasAddon(script.skin.helper.service)</visible>
                        <visible>!Skin.HasSetting(Addons.Hide)</visible>
                        <label>$LOCALIZE[1037]</label>
                        <label2>$INFO[Window(Home).Property(SkinHelper.TotalVideoAddons),, $LOCALIZE[24001]]</label2>
                        <onclick>ActivateWindow(Videos,Addons,return)</onclick>
                    </item>
                    <item id="4">
                        <visible>!System.HasAddon(script.skin.helper.service)</visible>
                        <visible>!Skin.HasSetting(Addons.Hide)</visible>
                        <label>$LOCALIZE[1038]</label>
                        <onclick>ActivateWindow(Music,Addons,return)</onclick>
                    </item>
                    <item id="4">
                        <visible>System.HasAddon(script.skin.helper.service)</visible>
                        <visible>!Skin.HasSetting(Addons.Hide)</visible>
                        <label>$LOCALIZE[1038]</label>
                        <label2>$INFO[Window(Home).Property(SkinHelper.TotalAudioAddons),, $LOCALIZE[24001]]</label2>
                        <onclick>ActivateWindow(Music,Addons,return)</onclick>
                    </item>
                    <item id="5">
                        <visible>!System.HasAddon(script.skin.helper.service)</visible>
                        <visible>!Skin.HasSetting(Addons.Hide)</visible>
                        <label>$LOCALIZE[1039]</label>
                        <onclick>XBMC.ActivateWindow(Pictures,Addons,return)</onclick>
                    </item>
                    <item id="5">
                        <visible>System.HasAddon(script.skin.helper.service)</visible>
                        <visible>!Skin.HasSetting(Addons.Hide)</visible>
                        <label>$LOCALIZE[1039]</label>
                        <label2>$INFO[Window(Home).Property(SkinHelper.TotalPicturesAddons),, $LOCALIZE[24001]]</label2>
                        <onclick>XBMC.ActivateWindow(Pictures,Addons,return)</onclick>
                    </item>
                    <item id="51">
                        <visible>Skin.HasSetting(plexbmc)</visible>
                        <label>$LOCALIZE[31000]</label>
                        <onclick>ActivateWindow(pictures,"plugin://plugin.video.plexbmc/?url=http://photo&amp;mode=22",return)</onclick>
                    </item>
                    <item id="52">
                        <visible>Skin.HasSetting(plexbmc)</visible>
                        <label>$LOCALIZE[31001]</label>
                        <onclick>ActivateWindow(Videos,"plugin://plugin.video.plexbmc/?url=http://video&amp;mode=22",return)</onclick>
                    </item>
                    <item id="53">
                        <visible>Skin.HasSetting(plexbmc)</visible>
                        <label>$LOCALIZE[31002]</label>
                        <onclick>ActivateWindow(Music,"plugin://plugin.video.plexbmc/?url=http://music&amp;mode=22",return)</onclick>
                    </item>
                    <item id="50">
                        <visible>Skin.HasSetting(plexbmc)</visible>
                        <label>$LOCALIZE[31003]</label>
                        <onclick>ActivateWindow(Videos,"plugin://plugin.video.plexbmc/?mode=22&amp;url=http://online%2fsystem%2fplugins%2fall",return)</onclick>
                    </item>
                    <item id="2">
                        <visible>!System.HasAddon(script.skin.helper.service)</visible>
                        <visible>!Skin.HasSetting(Addons.Hide)</visible>
                        <label>$LOCALIZE[10040]</label>
                        <onclick>ActivateWindow(AddonBrowser,root)</onclick>
                    </item>
                    <item id="2">
                        <visible>System.HasAddon(script.skin.helper.service)</visible>
                        <visible>!Skin.HasSetting(Addons.Hide)</visible>
                        <label>$LOCALIZE[10040]</label>
                        <label2>$INFO[Window(Home).Property(SkinHelper.TotalAddons),, $LOCALIZE[24001]]</label2>
                        <onclick>ActivateWindow(AddonBrowser,root)</onclick>
                    </item>
                </content>
            </control>
        </control>
        <control type="label">
            <include>FacadeNumItems</include>
            <label>$INFO[Container(50).NumItems] $LOCALIZE[31025]</label>
        </control>
        <control type="scrollbar" id="60">
            <visible allowhiddenfocus="true">Integer.IsGreater(Container(50).NumItems,7)</visible>
            <animation effect="slide" start="0,0" end="-8,0" time="150">Focus</animation>
            <animation effect="slide" start="-8,0" end="0,0" time="300">UnFocus</animation>
            <posx>1899</posx>
            <posy>421</posy>
            <height>586</height>
            <include>VerticalScroller</include>
            <onleft>50</onleft>
            <onright>505050</onright>
        </control>
    </include>
    <include name="View_50_VideoExtras">
        <control type="group">
            <include>SlideViewUnknown</include>
            <include>SlideView</include>
            <include>ScrollOffsetLabel_50</include>
            <control type="image">
                <posx>1224</posx>
                <posy>350</posy>
                <width>1522</width>
                <height>900</height>
                <include condition="!Skin.HasSetting(BlackGlassMode)">bg_tvguide</include>
                <include condition="Skin.HasSetting(BlackGlassMode)">bg_tvguide_BG</include>
            </control>
            <control type="image">
                <posx>1260</posx>
                <posy>353</posy>
                <width>1440</width>
                <height>73</height>
                <texture border="3">list/bg_facade_nofocus_top.png</texture>
            </control>
            <control type="image">
                <visible>!Integer.IsGreater(Container(51).NumItems,7)</visible>
                <posx>1260</posx>
                <posy>937</posy>
                <width>1440</width>
                <height>73</height>
                <texture border="3">list/bg_facade_nofocus_top.png</texture>
            </control>
            <control type="list" id="51">
                <posx>1260</posx>
                <posy>426</posy>
                <width>1440</width>
                <height>584</height>
                <pagecontrol>60</pagecontrol>
                <onleft>9000</onleft>
                <onright>60</onright>
                <onup>50</onup>
                <ondown>50</ondown>
                <preloaditems>4</preloaditems>
                <include>List_Layout</include>
            </control>
        </control>
        <control type="label">
            <include>FacadeNumItems</include>
            <label>$INFO[Container(51).NumItems] $LOCALIZE[31025]</label>
        </control>
        <control type="scrollbar" id="60">
            <visible allowhiddenfocus="true">Integer.IsGreater(Container(51).NumItems,7)</visible>
            <animation effect="slide" start="0,0" end="-8,0" time="150">Focus</animation>
            <animation effect="slide" start="-8,0" end="0,0" time="300">UnFocus</animation>
            <posx>1899</posx>
            <posy>421</posy>
            <height>586</height>
            <include>VerticalScroller</include>
            <onleft>51</onleft>
            <onright>505050</onright>
        </control>
    </include>
    <include name="List_Layout_Weather">
        <itemlayout condition="!Skin.String(WeatherType,Hourly)" height="73" width="660">
            <control type="image">
                <posx>0</posx>
                <posy>0</posy>
                <height>73</height>
                <width>660</width>
                <texture border="3">list/bg_facade_nofocus.png</texture>
            </control>
            <control type="label">
                <posx>30</posx>
                <posy>0</posy>
                <height>71</height>
                <width>255</width>
                <font>InfoDetailsFont</font>
                <textcolor>ListNoFocusColor</textcolor>
                <label>$INFO[ListItem.Label]</label>
                <scroll>false</scroll>
            </control>
            <control type="label">
                <posx>280</posx>
                <posy>0</posy>
                <height>71</height>
                <width>255</width>
                <font>InfoDetailsFont</font>
                <textcolor>ListNoFocusColor</textcolor>
                <label>$INFO[ListItem.Property(Property1)]</label>
                <scroll>false</scroll>
            </control>
            <control type="label">
                <posx>420</posx>
                <posy>0</posy>
                <height>71</height>
                <width>255</width>
                <font>InfoDetailsFont</font>
                <textcolor>ListNoFocusColor</textcolor>
                <label>$INFO[ListItem.Property(Property2)]</label>
                <scroll>false</scroll>
            </control>
            <control type="image">
                <posx>540</posx>
                <posy>0</posy>
                <height>71</height>
                <width>71</width>
                <texture>$INFO[ListItem.Property(Icon)]</texture>
                <aspectratio>keep</aspectratio>
            </control>
        </itemlayout>
        <focusedlayout condition="!Skin.String(WeatherType,Hourly)" height="73" width="660">
            <control type="image">
                <posx>0</posx>
                <posy>0</posy>
                <height>73</height>
                <width>660</width>
                <include>FacadeFocus</include>
            </control>
            <control type="label">
                <posx>30</posx>
                <posy>0</posy>
                <height>71</height>
                <width>255</width>
                <font>InfoDetailsFont</font>
                <textcolor>ListFocusColor</textcolor>
                <label>$INFO[ListItem.Label]</label>
            </control>
            <control type="label">
                <posx>280</posx>
                <posy>0</posy>
                <height>71</height>
                <width>255</width>
                <font>InfoDetailsFont</font>
                <textcolor>ListFocusColor</textcolor>
                <label>$INFO[ListItem.Property(Property1)]</label>
            </control>
            <control type="label">
                <posx>420</posx>
                <posy>0</posy>
                <height>71</height>
                <width>255</width>
                <font>InfoDetailsFont</font>
                <textcolor>ListFocusColor</textcolor>
                <label>$INFO[ListItem.Property(Property2)]</label>
            </control>
            <control type="image">
                <posx>540</posx>
                <posy>0</posy>
                <height>71</height>
                <width>71</width>
                <texture>$INFO[ListItem.Property(Icon)]</texture>
                <aspectratio>keep</aspectratio>
            </control>
        </focusedlayout>
        <itemlayout condition="Skin.String(WeatherType,Hourly)" height="73" width="660">
            <control type="image">
                <posx>0</posx>
                <posy>0</posy>
                <height>73</height>
                <width>660</width>
                <texture border="3">list/bg_facade_nofocus.png</texture>
            </control>
            <control type="label">
                <posx>30</posx>
                <posy>0</posy>
                <height>71</height>
                <width>495</width>
                <font>InfoDetailsFont</font>
                <textcolor>ListNoFocusColor</textcolor>
                <label>$INFO[ListItem.Label]</label>
                <scroll>false</scroll>
            </control>
            <control type="label">
                <posx>420</posx>
                <posy>0</posy>
                <height>71</height>
                <width>255</width>
                <font>InfoDetailsFont</font>
                <textcolor>ListNoFocusColor</textcolor>
                <label>$INFO[ListItem.Property(Property1)]</label>
                <scroll>false</scroll>
            </control>
            <control type="image">
                <posx>540</posx>
                <posy>0</posy>
                <height>71</height>
                <width>71</width>
                <texture>$INFO[ListItem.Property(Icon)]</texture>
                <aspectratio>keep</aspectratio>
            </control>
        </itemlayout>
        <focusedlayout condition="Skin.String(WeatherType,Hourly)" height="73" width="660">
            <control type="image">
                <posx>0</posx>
                <posy>0</posy>
                <height>73</height>
                <width>660</width>
                <include>FacadeFocus</include>
            </control>
            <control type="label">
                <posx>30</posx>
                <posy>0</posy>
                <height>71</height>
                <width>495</width>
                <font>InfoDetailsFont</font>
                <textcolor>ListFocusColor</textcolor>
                <label>$INFO[ListItem.Label]</label>
            </control>
            <control type="label">
                <posx>420</posx>
                <posy>0</posy>
                <height>71</height>
                <width>255</width>
                <font>InfoDetailsFont</font>
                <textcolor>ListFocusColor</textcolor>
                <label>$INFO[ListItem.Property(Property1)]</label>
            </control>
            <control type="image">
                <posx>540</posx>
                <posy>0</posy>
                <height>71</height>
                <width>71</width>
                <texture>$INFO[ListItem.Property(Icon)]</texture>
                <aspectratio>keep</aspectratio>
            </control>
        </focusedlayout>
    </include>
    <include name="View_570_EventLog">
        <control type="group">
            <include>SlideViewUnknown</include>
            <include>SlideView</include>
            <include>ScrollOffsetLabel_50</include>
            <control type="image">
                <posx>1224</posx>
                <posy>350</posy>
                <width>1522</width>
                <height>900</height>
                <include condition="!Skin.HasSetting(BlackGlassMode)">bg_tvguide</include>
                <include condition="Skin.HasSetting(BlackGlassMode)">bg_tvguide_BG</include>
            </control>
            <control type="image">
                <posx>1260</posx>
                <posy>353</posy>
                <width>1440</width>
                <height>73</height>
                <texture border="3">list/bg_facade_nofocus_top.png</texture>
            </control>
            <control type="image">
                <visible>!Integer.IsGreater(Container(570).NumItems,7)</visible>
                <posx>1260</posx>
                <posy>937</posy>
                <width>1440</width>
                <height>73</height>
                <texture border="3">list/bg_facade_nofocus_top.png</texture>
            </control>
            <control type="list" id="570">
                <viewtype label="535">List</viewtype>
                <posx>1260</posx>
                <posy>426</posy>
                <width>1440</width>
                <height>584</height>
                <pagecontrol>60</pagecontrol>
                <onleft>6060</onleft>
                <onright>60</onright>
                <onup>570</onup>
                <ondown>570</ondown>
                <preloaditems>4</preloaditems>
                <include>List_Layout</include>
            </control>
        </control>
        <control type="label">
            <include>FacadeNumItems</include>
            <label>$INFO[Container.NumItems] $LOCALIZE[31025]</label>
        </control>
        <control type="scrollbar" id="60">
            <visible allowhiddenfocus="true">Integer.IsGreater(Container(570).NumItems,7)</visible>
            <animation effect="slide" start="0,0" end="-8,0" time="150">Focus</animation>
            <animation effect="slide" start="-8,0" end="0,0" time="300">UnFocus</animation>
            <posx>1899</posx>
            <posy>421</posy>
            <height>586</height>
            <include>VerticalScroller</include>
            <onleft>570</onleft>
            <onright>505050</onright>
        </control>
    </include>
    <include name="Info_570_EventLog">
        <control type="group" id="50100">
            <include>SlideView</include>
            <include>HideMediaInfo</include>
            <visible>!String.IsEmpty(ListItem.Property(Event.Description))</visible>
            <include>Icon_Fade</include>
            <control type="image">
                <posx>-795</posx>
                <posy>350</posy>
                <width>2058</width>
                <height>900</height>
                <include condition="!Skin.HasSetting(BlackGlassMode)">bg_tvguide</include>
                <include condition="Skin.HasSetting(BlackGlassMode)">bg_tvguide_BG</include>
            </control>
            <control type="image">
                <posx>242</posx>
                <posy>399</posy>
                <height>700</height>
                <width>250</width>
                <texture>list/bg_strip_horizontal_left.png</texture>
                <colordiffuse>90ffffff</colordiffuse>
            </control>
            <control type="image">
                <posx>493</posx>
                <posy>399</posy>
                <width>2</width>
                <height>700</height>
                <texture>list/bg_facade_vertical.png</texture>
            </control>
            <control type="image">
                <posx>18</posx>
                <posy>411</posy>
                <width>470</width>
                <height>654</height>
                <aspectratio aligny="top" scalediffuse="false">keep</aspectratio>
                <include>EpisodeThumb</include>
                <include>ThumbBorder</include>
            </control>
            <control type="group">
                <posx>495</posx>
                <posy>426</posy>
                <control type="label">
                    <posx>TextMargin</posx>
                    <posy>-12</posy>
                    <width>631</width>
                    <height>71</height>
                    <font>InfoTitleFont</font>
                    <textcolor>MainColor</textcolor>
                    <align>left</align>
                    <label>$INFO[ListItem.Label]</label>
                </control>
                <control type="image">
                    <posx>0</posx>
                    <posy>0</posy>
                    <width>721</width>
                    <height>73</height>
                    <texture border="3">list/bg_facade_nofocus_top.png</texture>
                </control>
                <control type="label">
                    <posx>TextMargin</posx>
                    <posy>73</posy>
                    <width>631</width>
                    <height>71</height>
                    <font>InfoDetailsFont</font>
                    <textcolor>AlternateColor</textcolor>
                    <label>$INFO[ListItem.Label2]</label>
                </control>
                <control type="image">
                    <posx>0</posx>
                    <posy>73</posy>
                    <width>721</width>
                    <height>73</height>
                    <texture border="3">list/bg_facade_nofocus_top.png</texture>
                </control>
                <control type="textbox">
                    <posx>TextMargin</posx>
                    <posy>174</posy>
                    <width>631</width>
                    <height>449</height>
                    <font>InfoPlotFont</font>
                    <textcolor>MainColor</textcolor>
                    <label>$INFO[ListItem.Property(Event.Description)]</label>
                    <pagecontrol>6060</pagecontrol>
                </control>
                <control type="scrollbar" id="6060">
                    <visible>Skin.HasSetting(ManualScroll)</visible>
                    <posx>689</posx>
                    <posy>174</posy>
                    <height>449</height>
                    <include>VerticalScroller</include>
                    <onleft>9000</onleft>
                    <onright>50</onright>
                </control>
            </control>
        </control>
    </include>
    <include name="DetatchedThumb_50">
        <control type="group">
            <visible>Control.IsVisible(50)</visible>
            <include>Icon_Fade</include>
            <!-- CDART MUSIC -->
            <include content="DiscArt">
                <param name="visible" value="!String.IsEmpty(ListItem.Thumb)+[Container.content(albums)|Container.content(songs)]"/>
                <param name="x" value="51"/>
                <param name="y" value="236"/>
                <param name="width" value="374"/>
                <param name="height" value="374"/>
                <param name="texture" value="$VAR[MusicCdArt]"/>
            </include>
            <!-- CDART VIDEO -->
            <include content="DiscArt">
                <param name="visible" value="!String.IsEmpty(ListItem.Thumb)+[Container.content(movies)|Container.content(MusicVideos)|Window.IsVisible(MyPlaylist.xml)]"/>
                <param name="x" value="51"/>
                <param name="y" value="236"/>
                <param name="width" value="374"/>
                <param name="height" value="374"/>
                <param name="texture" value="$VAR[VideoCdArt]"/>
            </include>
            <control type="image">
                <posx>18</posx>
                <posy>411</posy>
                <width>440</width>
                <height>654</height>
                <include>DetatchedThumb</include>
            </control>
        </control>
    </include>
</includes>
