<?xml version="1.0" encoding="utf-8"?>
<includes>
    <include name="ScrollOffsetLabel_5050">
        <control type="group">
            <animation effect="slide" time="0" start="0,0" end="0,180" condition="![Container.content(MusicVideos) | Container.Content(movies) | container.content(tvshows) | Container.Content(episodes) | Container.Content(seasons)|Container.Content(sets)]">conditional</animation>
            <left>910</left>
            <top>170</top>
            <include>ScrollOffsetLabel</include>
        </control>
    </include>
    <include name="CardList_Layout">
        <itemlayout condition="![Container.content(MusicVideos) | Container.Content(movies) | container.content(tvshows) | Container.Content(episodes) | Container.Content(seasons)|Container.Content(sets)]" height="887" width="1683">
            <control type="group">
                <posy>127</posy>
                <control type="group">
                    <visible>ListItem.IsParentFolder</visible>
                    <posx>725</posx>
                    <posy>184</posy>
                    <control type="image">
                        <posx>0</posx>
                        <posy>61</posy>
                        <width>470</width>
                        <height>470</height>
                        <include>SquareThumb</include>
                        <include>ThumbBorder</include>
                    </control>
                </control>
                <control type="group">
                    <visible>!ListItem.IsParentFolder</visible>
                    <posx>145</posx>
                    <posy>184</posy>
                    <control type="image">
                        <posx>-21</posx>
                        <posy>0</posy>
                        <width>1683</width>
                        <height>586</height>
                        <include condition="!Skin.HasSetting(BlackGlassMode)">bg_tvguide</include>
                        <include condition="Skin.HasSetting(BlackGlassMode)">bg_tvguide_BG</include>
                    </control>
                    <control type="image">
                        <posx>242</posx>
                        <posy>49</posy>
                        <height>491</height>
                        <width>250</width>
                        <texture>list/bg_strip_horizontal_left.png</texture>
                        <colordiffuse>90ffffff</colordiffuse>
                    </control>
                    <control type="image">
                        <posx>493</posx>
                        <posy>49</posy>
                        <width>2</width>
                        <height>419</height>
                        <texture>list/bg_facade_vertical.png</texture>
                    </control>
                    <control type="image">
                        <posx>18</posx>
                        <posy>61</posy>
                        <width>470</width>
                        <height>470</height>
                        <aspectratio aligny="top" scalediffuse="false">keep</aspectratio>
                        <include>SquareThumb</include>
                        <include>ThumbBorder</include>
                    </control>
                    <control type="group">
                        <posx>495</posx>
                        <posy>76</posy>
                        <control type="label">
                            <posx>TextMargin</posx>
                            <posy>-12</posy>
                            <width>980</width>
                            <height>71</height>
                            <font>InfoTitleFont</font>
                            <textcolor>MainColor</textcolor>
                            <align>left</align>
                            <label>$INFO[ListItem.Label]</label>
                        </control>
                        <control type="image">
                            <posx>1048</posx>
                            <posy>-12</posy>
                            <width>30</width>
                            <height>71</height>
                            <texture>$VAR[Overlay]</texture>
                            <aspectratio aligny="center">keep</aspectratio>
                        </control>
                        <control type="image">
                            <posx>0</posx>
                            <posy>0</posy>
                            <width>1121</width>
                            <height>73</height>
                            <texture border="3">list/bg_facade_nofocus_top.png</texture>
                        </control>
                        <control type="group">
                            <visible>!Container.Content(Addons)</visible>
                            <control type="image">
                                <posx>TextMargin</posx>
                                <posy>92</posy>
                                <include>Stars</include>
                            </control>
                            <control type="label">
                                <posx>100</posx>
                                <posy>73</posy>
                                <width>460</width>
                                <height>71</height>
                                <font>InfoDetailsFont</font>
                                <textcolor>AlternateColor</textcolor>
                                <label fallback="416">$INFO[ListItem.Rating]</label>
                            </control>
                        </control>
                        <control type="group">
                            <visible>Container.Content(Addons)</visible>
                            <control type="label">
                                <posx>TextMargin</posx>
                                <posy>73</posy>
                                <width>1031</width>
                                <height>71</height>
                                <font>InfoDetailsFont</font>
                                <textcolor>AlternateColor</textcolor>
                                <label>$INFO[ListItem.AddonVersion,$LOCALIZE[24051] ]$INFO[ListItem.AddonSize,  •  $LOCALIZE[21802]: ]</label>
                            </control>
                        </control>
                        <control type="image">
                            <posx>0</posx>
                            <posy>73</posy>
                            <width>1121</width>
                            <height>73</height>
                            <texture border="3">list/bg_facade_nofocus_top.png</texture>
                        </control>
                        <control type="label">
                            <posx>TextMargin</posx>
                            <posy>146</posy>
                            <width>1031</width>
                            <height>71</height>
                            <font>InfoDetailsFont</font>
                            <textcolor>AlternateColor</textcolor>
                            <label>$VAR[Details_BG]</label>
                        </control>
                        <control type="image">
                            <posx>0</posx>
                            <posy>146</posy>
                            <width>1121</width>
                            <height>73</height>
                            <texture border="3">list/bg_facade_nofocus_top.png</texture>
                        </control>
                        <control type="textbox">
                            <posx>TextMargin</posx>
                            <posy>235</posy>
                            <width>1031</width>
                            <height>200</height>
                            <font>InfoPlotFont</font>
                            <textcolor>MainColor</textcolor>
                            <label>$VAR[Plots]</label>
                            <autoscroll time="3000" delay="4000" repeat="5000">true</autoscroll>
                        </control>
                    </control>
                </control>
            </control>
        </itemlayout>
        <focusedlayout condition="![Container.content(MusicVideos) | Container.Content(movies) | container.content(tvshows) | Container.Content(episodes) | Container.Content(seasons)|Container.Content(sets)]" height="887" width="1683">
            <control type="group">
                <posy>127</posy>
                <control type="group">
                    <visible>ListItem.IsParentFolder</visible>
                    <posx>725</posx>
                    <posy>184</posy>
                    <control type="image">
                        <posx>0</posx>
                        <posy>61</posy>
                        <width>470</width>
                        <height>470</height>
                        <include>SquareThumb</include>
                        <include>ThumbBorder</include>
                    </control>
                </control>
                <control type="group">
                    <visible>!ListItem.IsParentFolder</visible>
                    <posx>145</posx>
                    <posy>184</posy>
                    <control type="image">
                        <posx>-21</posx>
                        <posy>0</posy>
                        <width>1683</width>
                        <height>586</height>
                        <include condition="!Skin.HasSetting(BlackGlassMode)">bg_tvguide</include>
                        <include condition="Skin.HasSetting(BlackGlassMode)">bg_tvguide_BG</include>
                    </control>
                    <control type="image">
                        <posx>242</posx>
                        <posy>49</posy>
                        <height>491</height>
                        <width>250</width>
                        <texture>list/bg_strip_horizontal_left.png</texture>
                        <colordiffuse>90ffffff</colordiffuse>
                    </control>
                    <control type="image">
                        <posx>493</posx>
                        <posy>49</posy>
                        <width>2</width>
                        <height>419</height>
                        <texture>list/bg_facade_vertical.png</texture>
                    </control>
                    <!-- CDART MUSIC -->
                    <include content="DiscArt">
                        <param name="visible" value="!String.IsEmpty(ListItem.Thumb)+[Container.content(albums)|Container.content(songs)]"/>
                        <param name="x" value="51"/>
                        <param name="y" value="-127"/>
                        <param name="width" value="404"/>
                        <param name="height" value="404"/>
                        <param name="texture" value="$VAR[MusicCdArt]"/>
                    </include>
                    <control type="image">
                        <posx>18</posx>
                        <posy>61</posy>
                        <width>470</width>
                        <height>470</height>
                        <aspectratio aligny="top" scalediffuse="false">keep</aspectratio>
                        <include>SquareThumb</include>
                        <include>ThumbBorder</include>
                    </control>
                    <control type="group">
                        <posx>495</posx>
                        <posy>76</posy>
                        <control type="label">
                            <posx>TextMargin</posx>
                            <posy>-12</posy>
                            <width>980</width>
                            <height>71</height>
                            <font>InfoTitleFont</font>
                            <textcolor>MainColor</textcolor>
                            <align>left</align>
                            <label>$INFO[ListItem.Label]</label>
                        </control>
                        <control type="image">
                            <posx>1048</posx>
                            <posy>-12</posy>
                            <width>30</width>
                            <height>71</height>
                            <texture>$VAR[Overlay]</texture>
                            <aspectratio aligny="center">keep</aspectratio>
                        </control>
                        <control type="image">
                            <posx>0</posx>
                            <posy>0</posy>
                            <width>1121</width>
                            <height>73</height>
                            <texture border="3">list/bg_facade_nofocus_top.png</texture>
                        </control>
                        <control type="group">
                            <visible>!Container.Content(Addons)</visible>
                            <control type="image">
                                <posx>TextMargin</posx>
                                <posy>92</posy>
                                <include>Stars</include>
                            </control>
                            <control type="label">
                                <posx>100</posx>
                                <posy>73</posy>
                                <width>460</width>
                                <height>71</height>
                                <font>InfoDetailsFont</font>
                                <textcolor>AlternateColor</textcolor>
                                <label fallback="416">$INFO[ListItem.Rating]</label>
                            </control>
                        </control>
                        <control type="group">
                            <visible>Container.Content(Addons)</visible>
                            <control type="label">
                                <posx>TextMargin</posx>
                                <posy>73</posy>
                                <width>1031</width>
                                <height>71</height>
                                <font>InfoDetailsFont</font>
                                <textcolor>AlternateColor</textcolor>
                                <label>$INFO[ListItem.AddonVersion,$LOCALIZE[24051] ]$INFO[ListItem.AddonSize,  •  $LOCALIZE[21802]: ]</label>
                            </control>
                        </control>
                        <control type="image">
                            <posx>0</posx>
                            <posy>73</posy>
                            <width>1121</width>
                            <height>73</height>
                            <texture border="3">list/bg_facade_nofocus_top.png</texture>
                        </control>
                        <control type="label">
                            <posx>TextMargin</posx>
                            <posy>146</posy>
                            <width>981</width>
                            <height>71</height>
                            <font>InfoDetailsFont</font>
                            <textcolor>AlternateColor</textcolor>
                            <label>$VAR[Details_BG]</label>
                        </control>
                        <control type="image">
                            <posx>0</posx>
                            <posy>146</posy>
                            <width>1121</width>
                            <height>73</height>
                            <texture border="3">list/bg_facade_nofocus_top.png</texture>
                        </control>
                        <control type="textbox">
                            <posx>TextMargin</posx>
                            <posy>235</posy>
                            <width>1031</width>
                            <height>200</height>
                            <font>InfoPlotFont</font>
                            <textcolor>MainColor</textcolor>
                            <label>$VAR[Plots]</label>
                            <autoscroll time="3000" delay="4000" repeat="5000">true</autoscroll>
                        </control>
                    </control>
                </control>
            </control>
        </focusedlayout>
        <itemlayout condition="[Container.content(MusicVideos) | Container.Content(movies) | container.content(tvshows) | Container.Content(episodes) | Container.Content(seasons)|Container.Content(sets)]" height="887" width="1683">
            <control type="group">
                <posy>127</posy>
                <control type="group">
                    <visible>ListItem.IsParentFolder</visible>
                    <posx>725</posx>
                    <control type="image">
                        <posx>0</posx>
                        <posy>61</posy>
                        <width>470</width>
                        <height>654</height>
                        <include>EpisodeThumb</include>
                        <include>ThumbBorder</include>
                    </control>
                </control>
                <control type="group">
                    <visible>!ListItem.IsParentFolder</visible>
                    <posx>145</posx>
                    <control type="image">
                        <posx>-21</posx>
                        <posy>0</posy>
                        <width>1683</width>
                        <height>770</height>
                        <include condition="!Skin.HasSetting(BlackGlassMode)">bg_tvguide</include>
                        <include condition="Skin.HasSetting(BlackGlassMode)">bg_tvguide_BG</include>
                    </control>
                    <control type="image">
                        <posx>242</posx>
                        <posy>49</posy>
                        <height>675</height>
                        <width>250</width>
                        <texture>list/bg_strip_horizontal_left.png</texture>
                        <colordiffuse>90ffffff</colordiffuse>
                    </control>
                    <control type="image">
                        <posx>493</posx>
                        <posy>49</posy>
                        <width>2</width>
                        <height>675</height>
                        <texture>list/bg_facade_vertical.png</texture>
                    </control>
                    <control type="image">
                        <posx>18</posx>
                        <posy>61</posy>
                        <width>470</width>
                        <height>654</height>
                        <aspectratio aligny="top" scalediffuse="false">keep</aspectratio>
                        <include>EpisodeThumb</include>
                        <include>ThumbBorder</include>
                    </control>
                    <control type="group">
                        <posx>495</posx>
                        <posy>76</posy>
                        <control type="label">
                            <posx>TextMargin</posx>
                            <posy>-12</posy>
                            <width>980</width>
                            <height>71</height>
                            <font>InfoTitleFont</font>
                            <textcolor>MainColor</textcolor>
                            <align>left</align>
                            <label>$INFO[ListItem.Label]</label>
                        </control>
                        <control type="image">
                        <posx>1048</posx>
                        <posy>-12</posy>
                        <width>30</width>
                        <height>71</height>
                        <texture>$VAR[Overlay]</texture>
                        <aspectratio aligny="center">keep</aspectratio>
                    </control>
                        <control type="image">
                            <posx>0</posx>
                            <posy>0</posy>
                            <width>1121</width>
                            <height>73</height>
                            <texture border="3">list/bg_facade_nofocus_top.png</texture>
                        </control>
                        <control type="image">
                            <posx>TextMargin</posx>
                            <posy>92</posy>
                            <include>Stars</include>
                        </control>
                        <control type="label">
                            <posx>100</posx>
                            <posy>73</posy>
                            <width>460</width>
                            <height>71</height>
                            <font>InfoDetailsFont</font>
                            <textcolor>AlternateColor</textcolor>
                            <label fallback="416">$INFO[ListItem.Rating]</label>
                        </control>
                        <control type="label">
                            <posx>376</posx>
                            <posy>73</posy>
                            <width>700</width>
                            <height>71</height>
                            <align>right</align>
                            <font>InfoDetailsFont</font>
                            <textcolor>MainColor</textcolor>
                            <label fallback="416">$VAR[Details2]</label>
                        </control>
                        <control type="image">
                            <posx>0</posx>
                            <posy>73</posy>
                            <width>1121</width>
                            <height>73</height>
                            <texture border="3">list/bg_facade_nofocus_top.png</texture>
                        </control>
                        <control type="label">
                            <posx>TextMargin</posx>
                            <posy>146</posy>
                            <width>1031</width>
                            <height>71</height>
                            <font>InfoDetailsFont</font>
                            <textcolor>AlternateColor</textcolor>
                            <label>$VAR[Details_TVShows_Extended]</label>
                        </control>
                        <control type="label">
                            <visible>[Container.Content(TVShows) | Container.Content(Seasons)]</visible>
                            <posx>776</posx>
                            <posy>146</posy>
                            <height>71</height>
                            <width>300</width>
                            <font>InfoDetailsFont</font>
                            <align>right</align>
                            <textcolor>SublistFocusColor</textcolor>
                            <label>$INFO[ListItem.Property(UnWatchedEpisodes),$LOCALIZE[16101]: ]</label>
                        </control>
                        <control type="image">
                            <posx>0</posx>
                            <posy>146</posy>
                            <width>1121</width>
                            <height>73</height>
                            <texture border="3">list/bg_facade_nofocus_top.png</texture>
                        </control>
                        <control type="textbox">
                            <visible>![Container.Content(movies)|Container.Content(episodes)|Container.Content(musicvideos)]</visible>
                            <posx>TextMargin</posx>
                            <posy>237</posy>
                            <width>1031</width>
                            <height>360</height>
                            <font>InfoPlotFont</font>
                            <textcolor>MainColor</textcolor>
                            <label>$VAR[Plots]</label>
                            <autoscroll time="3000" delay="4000" repeat="5000">true</autoscroll>
                        </control>
                        <control type="group">
                            <visible>[Container.Content(movies)|Container.Content(episodes)|Container.Content(musicvideos)]</visible>
                            <control type="textbox">
                                <posx>TextMargin</posx>
                                <posy>240</posy>
                                <width>1031</width>
                                <height>280</height>
                                <font>InfoPlotFont</font>
                                <textcolor>MainColor</textcolor>
                                <label>$VAR[Plots]</label>
                                <autoscroll time="3000" delay="4000" repeat="5000">true</autoscroll>
                            </control>
                            <control type="image">
                                <posx>0</posx>
                                <posy>468</posy>
                                <width>1121</width>
                                <height>73</height>
                                <texture border="3">list/bg_facade_nofocus_top.png</texture>
                            </control>
                            <control type="group">
                                <posx>36</posx>
                                <posy>565</posy>
                                <include>CodecsCard</include>
                            </control>
                        </control>
                    </control>
                </control>
            </control>
        </itemlayout>
        <focusedlayout condition="[Container.content(MusicVideos) | Container.Content(movies) | container.content(tvshows) | Container.Content(episodes) | Container.Content(seasons)|Container.Content(sets)]" height="887" width="1683">
            <control type="group">
                <posy>127</posy>
                <control type="group">
                    <visible>ListItem.IsParentFolder</visible>
                    <posx>725</posx>
                    <control type="image">
                        <posx>0</posx>
                        <posy>61</posy>
                        <width>470</width>
                        <height>654</height>
                        <include>EpisodeThumb</include>
                        <include>ThumbBorder</include>
                    </control>
                </control>
                <control type="group">
                    <visible>!ListItem.IsParentFolder</visible>
                    <posx>145</posx>
                    <control type="image">
                        <posx>-21</posx>
                        <posy>0</posy>
                        <width>1683</width>
                        <height>770</height>
                        <include condition="!Skin.HasSetting(BlackGlassMode)">bg_tvguide</include>
                        <include condition="Skin.HasSetting(BlackGlassMode)">bg_tvguide_BG</include>
                    </control>
                    <control type="image">
                        <posx>242</posx>
                        <posy>49</posy>
                        <height>675</height>
                        <width>250</width>
                        <texture>list/bg_strip_horizontal_left.png</texture>
                        <colordiffuse>90ffffff</colordiffuse>
                    </control>
                    <control type="image">
                        <posx>493</posx>
                        <posy>49</posy>
                        <width>2</width>
                        <height>675</height>
                        <texture>list/bg_facade_vertical.png</texture>
                    </control>
                    <!-- CDART VIDEO -->
                    <include content="DiscArt">
                        <param name="visible" value="!String.IsEmpty(ListItem.Thumb)+[Container.content(movies)|Container.content(MusicVideos)|Window.IsVisible(MyPlaylist.xml)]"/>
                        <param name="x" value="51"/>
                        <param name="y" value="-127"/>
                        <param name="width" value="404"/>
                        <param name="height" value="404"/>
                        <param name="texture" value="$VAR[VideoCdArt]"/>
                    </include>
                    <control type="image">
                        <posx>18</posx>
                        <posy>61</posy>
                        <width>470</width>
                        <height>654</height>
                        <aspectratio aligny="top" scalediffuse="false">keep</aspectratio>
                        <include>EpisodeThumb</include>
                        <include>ThumbBorder</include>
                    </control>
                    <control type="group">
                        <posx>495</posx>
                        <posy>76</posy>
                        <control type="label">
                            <posx>TextMargin</posx>
                            <posy>-12</posy>
                            <width>980</width>
                            <height>71</height>
                            <font>InfoTitleFont</font>
                            <textcolor>MainColor</textcolor>
                            <align>left</align>
                            <label>$INFO[ListItem.Label]</label>
                        </control>
                        <control type="image">
                            <posx>1048</posx>
                            <posy>-12</posy>
                            <width>30</width>
                            <height>71</height>
                            <texture>$VAR[Overlay]</texture>
                            <aspectratio aligny="center">keep</aspectratio>
                        </control>
                        <control type="image">
                            <posx>0</posx>
                            <posy>0</posy>
                            <width>1121</width>
                            <height>73</height>
                            <texture border="3">list/bg_facade_nofocus_top.png</texture>
                        </control>
                        <control type="image">
                            <posx>TextMargin</posx>
                            <posy>92</posy>
                            <include>Stars</include>
                        </control>
                        <control type="label">
                            <posx>100</posx>
                            <posy>73</posy>
                            <width>460</width>
                            <height>71</height>
                            <font>InfoDetailsFont</font>
                            <textcolor>AlternateColor</textcolor>
                            <label fallback="416">$INFO[ListItem.Rating]</label>
                        </control>
                        <control type="label">
                            <posx>376</posx>
                            <posy>73</posy>
                            <width>700</width>
                            <height>71</height>
                            <align>right</align>
                            <font>InfoDetailsFont</font>
                            <textcolor>MainColor</textcolor>
                            <label fallback="416">$VAR[Details2]</label>
                        </control>
                        <control type="image">
                            <posx>0</posx>
                            <posy>73</posy>
                            <width>1121</width>
                            <height>73</height>
                            <texture border="3">list/bg_facade_nofocus_top.png</texture>
                        </control>
                        <control type="label">
                            <posx>TextMargin</posx>
                            <posy>146</posy>
                            <width>1031</width>
                            <height>71</height>
                            <font>InfoDetailsFont</font>
                            <textcolor>AlternateColor</textcolor>
                            <label>$VAR[Details_TVShows_Extended]</label>
                        </control>
                        <control type="label">
                            <visible>[Container.Content(TVShows) | Container.Content(Seasons)]</visible>
                            <posx>776</posx>
                            <posy>146</posy>
                            <height>71</height>
                            <width>300</width>
                            <font>InfoDetailsFont</font>
                            <align>right</align>
                            <textcolor>SublistFocusColor</textcolor>
                            <label>$INFO[ListItem.Property(UnWatchedEpisodes),$LOCALIZE[16101]: ]</label>
                        </control>
                        <control type="image">
                            <posx>0</posx>
                            <posy>146</posy>
                            <width>1121</width>
                            <height>73</height>
                            <texture border="3">list/bg_facade_nofocus_top.png</texture>
                        </control>
                        <control type="textbox">
                            <visible>![Container.Content(movies)|Container.Content(episodes)|Container.Content(musicvideos)]</visible>
                            <posx>TextMargin</posx>
                            <posy>237</posy>
                            <width>1031</width>
                            <height>360</height>
                            <font>InfoPlotFont</font>
                            <textcolor>MainColor</textcolor>
                            <label>$VAR[Plots]</label>
                            <autoscroll time="3000" delay="4000" repeat="5000">true</autoscroll>
                        </control>
                        <control type="group">
                            <visible>[Container.Content(movies)|Container.Content(episodes)|Container.Content(musicvideos)]</visible>
                            <control type="textbox">
                                <posx>TextMargin</posx>
                                <posy>240</posy>
                                <width>1031</width>
                                <height>280</height>
                                <font>InfoPlotFont</font>
                                <textcolor>MainColor</textcolor>
                                <label>$VAR[Plots]</label>
                                <autoscroll time="3000" delay="4000" repeat="5000">true</autoscroll>
                            </control>
                            <control type="image">
                                <posx>0</posx>
                                <posy>468</posy>
                                <width>1121</width>
                                <height>73</height>
                                <texture border="3">list/bg_facade_nofocus_top.png</texture>
                            </control>
                            <control type="group">
                                <posx>36</posx>
                                <posy>565</posy>
                                <include>CodecsCard</include>
                            </control>
                        </control>
                    </control>
                </control>
            </control>
        </focusedlayout>
    </include>
    <include name="View_5050_CardList">
        <control type="group">
            <visible>Control.IsVisible(5050)</visible>
            <include>Icon_Fade</include>
            <include>ScrollOffsetLabel_5050</include>
            <control type="group">
                <control type="image">
                    <posx>-150</posx>
                    <posy>900</posy>
                    <texture flipy="true">common/basichome_upper_gradient.png</texture>
                    <width>2220</width>
                    <height>190</height>
                </control>
                <control type="group">
                    <animation effect="slide" time="0" start="0,0" end="0,184" condition="![Container(5050).content(MusicVideos) | Container(5050).Content(movies) | Container(5050).content(tvshows) | Container(5050).Content(episodes) | Container(5050).Content(seasons)|Container(5050).Content(sets)]">conditional</animation>
                    <include content="ClearArtLogo">
                        <param name="x" value="1350"/>
                        <param name="y" value="139"/>
                        <param name="width" value="300"/>
                        <param name="height" value="150"/>
                        <param name="visible" value="true"/>
                        <param name="align" value="right"/>
                        <param name="aligny" value="bottom"/>
                    </include>
                    <include content="StudioArt">
                        <param name="x" value="667"/>
                        <param name="y" value="149"/>
                        <param name="width" value="150"/>
                        <param name="height" value="140"/>
                        <param name="visible" value="true"/>
                        <param name="align" value="left"/>
                        <param name="aligny" value="bottom"/>
                    </include>
                </control>
                <control type="list" id="5050">
                    <viewtype label="31095">biginfo</viewtype>
                    <posx>0</posx>
                    <posy>128</posy>
                    <width>1920</width>
                    <height>887</height>
                    <pagecontrol>60</pagecontrol>
                    <onleft>5050</onleft>
                    <onright>5050</onright>
                    <onup>9000</onup>
                    <ondown>60</ondown>
                    <orientation>horizontal</orientation>
                    <focusposition>0</focusposition>
                    <movement>1</movement>
                    <preloaditems>4</preloaditems>
                    <include>CardList_Layout</include>
                    <scrolltime tween="sine" easing="out">300</scrolltime>
                </control>
            </control>
            <control type="label">
                <posx>0</posx>
                <posy>1000</posy>
                <align>center</align>
                <width>1920</width>
                <include>FacadeNumItems</include>
                <label>$INFO[container.CurrentPage] / $INFO[Container.NumPages] $LOCALIZE[31025]</label>
            </control>
            <control type="scrollbar" id="60">
                <animation effect="slide" start="0,0" end="0,-8" time="150">Focus</animation>
                <animation effect="slide" start="0,-8" end="0,0" time="300">UnFocus</animation>
                <posx>20</posx>
                <posy>1059</posy>
                <width>1830</width>
                <include>HorizontalScroller</include>
                <onup>5050</onup>
                <onright>noop</onright>
                <ondown>505050</ondown>
            </control>
            <control type="button">
                <posx>1720</posx>
                <posy>200</posy>
                <width>200</width>
                <height>800</height>
                <texturefocus>-</texturefocus>
                <texturenofocus>-</texturenofocus>
                <onclick>Control.Move(5050,1)</onclick>
                <!--<onfocus>Control.Move(5050,1)</onfocus>-->
            </control>
            <control type="button">
                <posx>0</posx>
                <posy>200</posy>
                <width>200</width>
                <height>800</height>
                <texturefocus>-</texturefocus>
                <texturenofocus>-</texturenofocus>
                <onclick>Control.Move(5050,-1)</onclick>
                <!--<onfocus>Control.Move(5050,-1)</onfocus>-->
            </control>
        </control>
    </include>
</includes>
