<?xml version="1.0" encoding="utf-8"?>
<includes>
    <include name="ScrollOffsetLabel_57">
        <control type="group">
            <animation effect="slide" time="0" start="0,0" end="0,-20" condition="Skin.HasSetting(Posters_Gallery)+Control.HasFocus(7000)">conditional</animation>
            <left>910</left>
            <top>565</top>
            <include>ScrollOffsetLabel</include>
        </control>
    </include>
    <include name="ScrollOffsetLabel_58">
        <control type="group">
            <animation effect="slide" time="0" start="0,0" end="0,-140" condition="Skin.HasSetting(EnableCdArt)+!Control.HasFocus(7000)">conditional</animation>
            <animation effect="slide" time="0" start="0,0" end="0,110" condition="Skin.HasSetting(Posters_Gallery)+Control.HasFocus(7000)">conditional</animation>
            <left>910</left>
            <top>440</top>
            <include>ScrollOffsetLabel</include>
        </control>
    </include>
    <include name="ScrollOffsetLabel_59">
        <control type="group">
            <animation effect="slide" time="0" start="0,0" end="0,-100" condition="Skin.HasSetting(EnableCdArt)+!Control.HasFocus(7000)">conditional</animation>
            <animation effect="slide" time="0" start="0,0" end="0,70" condition="Skin.HasSetting(Posters_Gallery)+Control.HasFocus(7000)">conditional</animation>
            <left>910</left>
            <top>420</top>
            <include>ScrollOffsetLabel</include>
        </control>
    </include>
    <include name="InfoBackground">
        <include condition="Skin.HasSetting(plexbmc)">PlexbmcFixTrick</include>
        <control type="group">
            <include condition="!Skin.HasSetting(DisableSlidingAnimations)">OpenCloseSlideRight</include>
            <control type="image">
                <include>VisibleFadeEffect</include>
                <visible>Control.hasfocus(505050)</visible>
                <posx>0</posx>
                <posy>750</posy>
                <width>1920</width>
                <height>330</height>
                <texture border="10" flipy="true">common/basichome_upper_gradient.png</texture>
            </control>
            <control type="image">
                <include condition="Skin.HasSetting(plexbmc)">PlexbmcFixTrick</include>
                <include>VisibleFadeEffect</include>
                <visible>!Control.hasfocus(505050)+[Control.IsVisible(53)|control.IsVisible(57)|control.IsVisible(58)|control.IsVisible(59)]</visible>
                <posx>0</posx>
                <posy>750</posy>
                <width>1920</width>
                <height>330</height>
                <texture border="10">common/HomeGradient.png</texture>
            </control>
        </control>
    </include>
    <include name="FooterInfo">
        <control type="group">
            <include condition="Skin.HasSetting(BlackGlassMode)+!Skin.HasSetting(DisableSlidingAnimations)">OpenCloseSlideRight</include>
            <animation effect="slide" tween="circle" easing="out" time="250" start="0,0" end="580,0" condition="[[ControlGroup(9000).HasFocus()|Control.HasFocus(8999)]+[control.isvisible(57)|control.isvisible(58)|control.isvisible(59)|control.isvisible(53)]]+!Skin.HasSetting(DisableSlidingAnimations)+Skin.HasSetting(BlackGlassMode)">conditional</animation>
            <include>Icon_Fade</include>
            <visible>![Control.HasFocus(7000)|Control.hasfocus(6069)]</visible>
            <visible>Control.hasfocus(505050)|[control.isvisible(57)|control.isvisible(58)|control.isvisible(59)|control.isvisible(53)]</visible>
            <control type="group">
                <visible>![ListItem.IsParentFolder]</visible>
                <animation effect="slide" time="0" start="0,0" end="0,40" condition="[!control.isvisible(45741)+!control.isvisible(45742)]">Conditional</animation>
                <control type="label">
                    <animation effect="slide" time="0" start="0,0" end="0,25" condition="String.IsEmpty(control.getlabel(45742))">Conditional</animation>
                    <posx>100</posx>
                    <posy>925</posy>
                    <width>1720</width>
                    <height>45</height>
                    <align>center</align>
                    <font>InfoTitleFont</font>
                    <textcolor>MainColor</textcolor>
                    <shadowcolor>ShadowColor</shadowcolor>
                    <label>$VAR[Fanart_Title]</label>
                </control>
                <control type="image">
                    <visible>!String.IsEmpty(control.getlabel(45742))</visible>
                    <posx>0</posx>
                    <posy>911</posy>
                    <width>1920</width>
                    <height>73</height>
                    <texture border="3">list/bg_facade_nofocus_top.png</texture>
                </control>
                <control type="group" id="45741">
                    <visible>![Container.content(actors) | container.content(albums) | container.content(addons)] + !String.IsEmpty(ListItem.RatingAndVotes)</visible>
                    <control type="image">
                        <posx>1860</posx>
                        <posy>1009</posy>
                        <align>right</align>
                        <include>Stars</include>
                    </control>
                    <control type="label">
                        <posx>1835</posx>
                        <posy>1010</posy>
                        <height>33</height>
                        <width>1120</width>
                        <align>right</align>
                        <font>InfoDetailsFont</font>
                        <textcolor>AlternateColor</textcolor>
                        <label fallback="416">$INFO[ListItem.RatingAndVotes]</label>
                    </control>
                </control>
                <control type="label">
                    <posx>30</posx>
                    <posy>1010</posy>
                    <height>33</height>
                    <width>1120</width>
                    <align>left</align>
                    <font>InfoDetailsFont</font>
                    <textcolor>AlternateColor</textcolor>
                    <label>$VAR[Fanart_Details2]</label>
                </control>
                <control type="label" id="45742">
                    <animation type="Conditional" pulse="true" reversible="false" condition="[Container.Content(musicvideos) | Container.Content(movies)| Container.Content(episodes)]">
                        <include>PulseBasicVisible</include>
                    </animation>
                    <posx>200</posx>
                    <posy>1010</posy>
                    <height>33</height>
                    <width>1520</width>
                    <align>center</align>
                    <font>InfoDetailsFont</font>
                    <textcolor>AlternateColor</textcolor>
                    <label>$VAR[Fanart_Details]</label>
                </control>
                <control type="grouplist">
                    <visible>[Container.Content(musicvideos) | Container.Content(movies)| Container.Content(episodes)]</visible>
                    <animation type="Conditional" pulse="true" reversible="false" condition="[Container.Content(musicvideos) | Container.Content(movies)| Container.Content(episodes)]">
                        <include>PulseBasicHidden</include>
                    </animation>
                    <posx>0</posx>
                    <posy>998</posy>
                    <width>1920</width>
                    <height>90</height>
                    <itemgap>10</itemgap>
                    <orientation>horizontal</orientation>
                    <align>center</align>
                    <aligny>center</aligny>
                    <include>CodecsView</include>
                </control>
            </control>
        </control>
    </include>
    <include name="FooterInfo_ExtendedInfo">
        <control type="group">
            <include condition="Skin.HasSetting(BlackGlassMode)+!Skin.HasSetting(DisableSlidingAnimations)">OpenCloseSlideRight</include>
            <include>Icon_Fade</include>
            <visible>Control.hasfocus(505050)</visible>
            <control type="group">
                <visible>![String.IsEqual(Container(500).ListItem.Label,..)]</visible>
                <control type="image">
                    <visible>Control.HasFocus(505050)+!String.IsEmpty(Container(500).ListItem.Property(DBID))</visible>
                    <posx>50</posx>
                    <posy>925</posy>
                    <width>30</width>
                    <height>45</height>
                    <texture>OverlayUnwatched.png</texture>
                    <aspectratio aligny="center">keep</aspectratio>
                </control>
                <control type="label">
                    <posx>92</posx>
                    <posy>925</posy>
                    <width>1750</width>
                    <height>45</height>
                    <align>center</align>
                    <font>InfoTitleFont</font>
                    <textcolor>MainColor</textcolor>
                    <shadowcolor>ShadowColor</shadowcolor>
                    <label>$INFO[Container(500).ListItem.Label]</label>
                </control>
                <control type="image">
                    <posx>0</posx>
                    <posy>911</posy>
                    <width>1920</width>
                    <height>73</height>
                    <texture border="3">list/bg_facade_nofocus_top.png</texture>
                </control>
                <control type="label">
                    <posx>52</posx>
                    <posy>1010</posy>
                    <height>33</height>
                    <width>200</width>
                    <align>left</align>
                    <font>InfoDetailsFont</font>
                    <textcolor>AlternateColor</textcolor>
                    <label>$VAR[Fanart_Details]</label>
                </control>
                <control type="label">
                    <posx>300</posx>
                    <posy>1010</posy>
                    <height>33</height>
                    <width>1320</width>
                    <align>center</align>
                    <font>InfoDetailsFont</font>
                    <textcolor>AlternateColor</textcolor>
                    <label>$INFO[Container(500).ListItem.Genre]</label>
                </control>
                <control type="group">
                    <control type="image">
                        <posx>1860</posx>
                        <posy>1009</posy>
                        <align>right</align>
                        <include>Stars</include>
                    </control>
                    <control type="label">
                        <posx>1835</posx>
                        <posy>1010</posy>
                        <height>33</height>
                        <width>1120</width>
                        <align>right</align>
                        <font>InfoDetailsFont</font>
                        <textcolor>AlternateColor</textcolor>
                        <label fallback="416">$INFO[Container(500).ListItem.Rating]</label>
                    </control>
                </control>
            </control>
        </control>
    </include>
    <include name="View_59_Showcase">
        <control type="group">
            <visible>Control.IsVisible(59)</visible>
            <include>Icon_Fade</include>
            <include>ScrollOffsetLabel_59</include>
            <control type="image">
                <include>Icon_Fade</include>
                <visible>[Control.hasfocus(7000)|Control.hasfocus(6069)]+!String.IsEqual(ListItem.Label,)+!ListItem.IsParentFolder</visible>
                <posx>-100</posx>
                <posy>569</posy>
                <width>2258</width>
                <height>900</height>
                <include condition="!Skin.HasSetting(BlackGlassMode)">bg_tvguide</include>
                <include condition="Skin.HasSetting(BlackGlassMode)">bg_tvguide_BG</include>
            </control>
            <control type="fixedlist" id="59">
                <visible>[container.content(MusicVideos) + Window.IsActive(myvideonav.xml)] | Container.content(actors) | container.content(movies) | container.content(sets) | container.content(tvshows) | container.content(seasons)</visible>
                <animation effect="slide" easing="out" start="0,0" end="0,800" time="0" delay="0" center="120,350" reversible="true" condition="Control.HasFocus(7000)|Control.hasfocus(6069)">Conditional</animation>
                <posx>0</posx>
                <posy>366</posy>
                <width>1920</width>
                <height>750</height>
                <onleft>59</onleft>
                <onright>59</onright>
                <onup>9000</onup>
                <ondown condition="Skin.HasSetting(Posters_Gallery)+!Container.content(actors)">7000</ondown>
                <ondown condition="!Skin.HasSetting(Posters_Gallery)+!Container.content(actors)">60</ondown>
                <viewtype label="20445">Fanart</viewtype>
                <pagecontrol>60</pagecontrol>
                <orientation>horizontal</orientation>
                <focusposition>3</focusposition>
                <movement>0</movement>
                <preloaditems>4</preloaditems>
                <scrolltime tween="sine" easing="out">300</scrolltime>
                <itemlayout height="550" width="274">
                    <control type="group">
                        <posy>153</posy>
                        <control type="image">
                            <posx>0</posx>
                            <posy>0</posy>
                            <width>274</width>
                            <height>387</height>
                            <include>PosterThumb</include>
                            <include>ThumbBorder</include>
                        </control>
                        <control type="image">
                            <animation effect="rotate" start="0" end="180" center="137,380" reversible="false" condition="true">Conditional</animation>
                            <posx>0</posx>
                            <posy>0</posy>
                            <width>274</width>
                            <height>387</height>
                            <aspectratio scalediffuse="false" aligny="bottom">keep</aspectratio>
                            <texture flipx="true" background="true" diffuse="common/Thumb_Mask.png" fallback="defaultIconBig.png">$VAR[Thumbs]</texture>
                            <bordertexture diffuse="common/Thumb_Mask.png" border="27">common/JewelCase.png</bordertexture>
                            <bordersize>27</bordersize>
                        </control>
                        <control type="image">
                            <posx>216</posx>
                            <posy>329</posy>
                            <width>28</width>
                            <height>28</height>
                            <texture>$VAR[Overlay]</texture>
                        </control>
                    </control>
                </itemlayout>
                <focusedlayout height="550" width="274">
                    <!-- CDART VIDEO -->
                    <include content="DiscArt">
                        <param name="visible" value="!String.IsEmpty(ListItem.Thumb)+[Container.content(movies)|Container.content(MusicVideos)|Window.IsVisible(MyPlaylist.xml)]"/>
                        <param name="x" value="27"/>
                        <param name="y" value="56"/>
                        <param name="width" value="220"/>
                        <param name="height" value="220"/>
                        <param name="texture" value="$VAR[VideoCdArt]"/>
                    </include>
                    <control type="group">
                        <posy>153</posy>
                        <control type="image">
                            <posx>0</posx>
                            <posy>0</posy>
                            <width>274</width>
                            <height>387</height>
                            <include>PosterThumb</include>
                            <include>ThumbBorderOverlay</include>
                        </control>
                        <control type="image">
                            <animation effect="rotate" start="0" end="180" center="137,380" reversible="false" condition="true">Conditional</animation>
                            <posx>0</posx>
                            <posy>0</posy>
                            <width>274</width>
                            <height>387</height>
                            <aspectratio scalediffuse="false" aligny="bottom">keep</aspectratio>
                            <texture flipx="true" background="true" diffuse="common/Thumb_Mask.png" fallback="defaultIconBig.png">$VAR[Thumbs]</texture>
                            <include>ThumbBorderOverlayDiffused</include>
                        </control>
                        <control type="image">
                            <posx>216</posx>
                            <posy>329</posy>
                            <width>28</width>
                            <height>28</height>
                            <texture>$VAR[Overlay]</texture>
                        </control>
                    </control>
                </focusedlayout>
            </control>
            <control type="button">
                <posx>0</posx>
                <posy>186</posy>
                <width>827</width>
                <height>953</height>
                <texturefocus>-</texturefocus>
                <texturenofocus>-</texturenofocus>
                <onclick>Control.Move(59,-1)</onclick>
            </control>
            <control type="button">
                <posx>1093</posx>
                <posy>186</posy>
                <width>827</width>
                <height>953</height>
                <texturefocus>-</texturefocus>
                <texturenofocus>-</texturenofocus>
                <onclick>Control.Move(59,1)</onclick>
            </control>
            <control type="group">
                <visible>Skin.HasSetting(Posters_Gallery)</visible>
                <visible allowhiddenfocus="true">Control.HasFocus(7000)|Control.hasfocus(6069)</visible>
                <include>Icon_Fade</include>
                <animation effect="slide" start="0,0" end="0,1800" time="0" reversible="true" condition="!Skin.HasSetting(Posters_Gallery)">Conditional</animation>
                <control type="button" id="7000">
                    <posx>100</posx>
                    <posy>900</posy>
                    <width>1820</width>
                    <height>140</height>
                    <label>-</label>
                    <texturenofocus>-</texturenofocus>
                    <texturefocus>-</texturefocus>
                    <onup>59</onup>
                    <ondown>505050</ondown>
                    <onright condition="Skin.HasSetting(ManualScroll)">6069</onright>
                    <onright condition="!Skin.HasSetting(ManualScroll)">Control.Move(59,1)</onright>
                    <onclick>Control.SetFocus(59)</onclick>
                    <onleft>Control.Move(59,-1)</onleft>
                </control>
                <include content="ClearArtLogo">
                    <param name="x" value="345r"/>
                    <param name="y" value="369"/>
                    <param name="width" value="300"/>
                    <param name="height" value="235"/>
                    <param name="visible" value="true"/>
                    <param name="align" value="right"/>
                    <param name="aligny" value="bottom"/>
                </include>
                <include content="StudioArt">
                    <param name="x" value="380"/>
                    <param name="y" value="464"/>
                    <param name="width" value="150"/>
                    <param name="height" value="140"/>
                    <param name="visible" value="true"/>
                    <param name="align" value="left"/>
                    <param name="aligny" value="bottom"/>
                </include>
                <control type="group">
                    <posy>219</posy>
                    <control type="group">
                        <visible>!String.IsEqual(ListItem.Title,)+!ListItem.IsParentFolder</visible>
                        <control type="image">
                            <posx>92</posx>
                            <posy>399</posy>
                            <height>700</height>
                            <width>250</width>
                            <texture>list/bg_strip_horizontal_left.png</texture>
                            <colordiffuse>90ffffff</colordiffuse>
                        </control>
                        <control type="image">
                            <posx>343</posx>
                            <posy>399</posy>
                            <width>2</width>
                            <height>700</height>
                            <texture>list/bg_facade_vertical.png</texture>
                        </control>
                    </control>
                    <!-- CDART VIDEO -->
                    <include content="DiscArt">
                        <param name="visible" value="!String.IsEmpty(ListItem.Thumb)+[Container.content(movies)|Container.content(MusicVideos)|Window.IsVisible(MyPlaylist.xml)]"/>
                        <param name="x" value="45"/>
                        <param name="y" value="293"/>
                        <param name="width" value="264"/>
                        <param name="height" value="264"/>
                        <param name="texture" value="$VAR[VideoCdArt]"/>
                    </include>
                    <control type="image">
                        <posx>18</posx>
                        <posy>411</posy>
                        <width>318</width>
                        <height>435</height>
                        <include>PosterThumb</include>
                        <include>ThumbBorder</include>
                    </control>
                    <control type="image">
                        <posx>278</posx>
                        <posy>788</posy>
                        <width>28</width>
                        <height>28</height>
                        <texture>$VAR[Overlay]</texture>
                    </control>
                </control>
                <control type="group">
                    <visible>!String.IsEqual(ListItem.Title,)</visible>
                    <posx>344</posx>
                    <posy>645</posy>
                    <control type="label">
                        <posx>TextMargin</posx>
                        <posy>-12</posy>
                        <width>1487</width>
                        <height>71</height>
                        <font>InfoTitleFont</font>
                        <textcolor>MainColor</textcolor>
                        <align>left</align>
                        <label>$INFO[ListItem.Title]</label>
                    </control>
                    <control type="image">
                        <posx>0</posx>
                        <posy>0</posy>
                        <width>1597</width>
                        <height>73</height>
                        <texture border="3">list/bg_facade_nofocus_top.png</texture>
                    </control>
                    <control type="image">
                        <posx>TextMargin</posx>
                        <posy>92</posy>
                        <include>Stars</include>
                    </control>
                    <control type="label">
                        <posx>100</posx>
                        <posy>73</posy>
                        <width>632</width>
                        <height>71</height>
                        <font>InfoDetailsFont</font>
                        <textcolor>AlternateColor</textcolor>
                        <label fallback="416">$INFO[ListItem.RatingAndVotes]</label>
                    </control>
                    <control type="image">
                        <posx>0</posx>
                        <posy>73</posy>
                        <width>1597</width>
                        <height>73</height>
                        <texture border="3">list/bg_facade_nofocus_top.png</texture>
                    </control>
                    <control type="label">
                        <posx>TextMargin</posx>
                        <posy>146</posy>
                        <width>1487</width>
                        <height>71</height>
                        <font>InfoDetailsFont</font>
                        <textcolor>AlternateColor</textcolor>
                        <label>$VAR[Details]</label>
                    </control>
                    <control type="label">
                        <posx>1532</posx>
                        <posy>146</posy>
                        <width>930</width>
                        <height>71</height>
                        <align>right</align>
                        <font>InfoDetailsFont</font>
                        <textcolor>AlternateColor</textcolor>
                        <label>$INFO[ListItem.Genre]</label>
                    </control>
                    <control type="image">
                        <posx>0</posx>
                        <posy>146</posy>
                        <width>1597</width>
                        <height>73</height>
                        <texture border="3">list/bg_facade_nofocus_top.png</texture>
                    </control>
                    <control type="textbox">
                        <posx>TextMargin</posx>
                        <posy>233</posy>
                        <width>1487</width>
                        <height>160</height>
                        <font>InfoPlotFont</font>
                        <textcolor>MainColor</textcolor>
                        <label>$VAR[Plots]</label>
                        <pagecontrol>6069</pagecontrol>
                    </control>
                    <control type="scrollbar" id="6069">
                        <animation effect="slide" start="0,0" end="-8,0" time="150">Focus</animation>
                        <animation effect="slide" start="-8,0" end="0,0" time="300">UnFocus</animation>
                        <visible>Skin.HasSetting(ManualScroll)</visible>
                        <posx>1555</posx>
                        <posy>233</posy>
                        <height>160</height>
                        <showonepage>true</showonepage>
                        <include>VerticalScroller</include>
                        <onleft>7000</onleft>
                        <onright>Control.Move(59,1)</onright>
                    </control>
                </control>
            </control>
            <control type="scrollbar" id="60">
                <animation effect="slide" start="0,0" end="0,-8" time="150">Focus</animation>
                <animation effect="slide" start="0,-8" end="0,0" time="300">UnFocus</animation>
                <posx>20</posx>
                <posy>1059</posy>
                <width>1880</width>
                <include>HorizontalScroller</include>
                <onup>59</onup>
                <ondown>505050</ondown>
            </control>
        </control>
        <control type="group">
            <visible>Control.IsVisible(58)</visible>
            <include>Icon_Fade</include>
            <include>ScrollOffsetLabel_58</include>
            <control type="image">
                <include>Icon_Fade</include>
                <visible>[Control.hasfocus(7000)|Control.hasfocus(6069)]+!String.IsEqual(ListItem.Label,)+!ListItem.IsParentFolder</visible>
                <posx>-100</posx>
                <posy>629</posy>
                <width>2258</width>
                <height>900</height>
                <include condition="!Skin.HasSetting(BlackGlassMode)">bg_tvguide</include>
                <include condition="Skin.HasSetting(BlackGlassMode)">bg_tvguide_BG</include>
            </control>
            <control type="fixedlist" id="58">
                <visible>![[container.content(MusicVideos) + Window.IsActive(myvideonav.xml)] | Container.content(actors) | container.content(movies) | container.content(sets) | container.content(tvshows) | container.content(seasons) | container.content(episodes)]</visible>
                <animation effect="slide" easing="out" start="0,0" end="0,800" time="0" delay="0" center="120,350" reversible="true" condition="Control.HasFocus(7000)|Control.hasfocus(6069)">Conditional</animation>
                <posx>0</posx>
                <posy>386</posy>
                <width>1920</width>
                <height>700</height>
                <onleft>58</onleft>
                <onright>58</onright>
                <onup>9000</onup>
                <ondown condition="Skin.HasSetting(Music_Gallery)">7000</ondown>
                <ondown condition="!Skin.HasSetting(Music_Gallery)">60</ondown>
                <viewtype label="20445">Fanart</viewtype>
                <pagecontrol>60</pagecontrol>
                <orientation>horizontal</orientation>
                <focusposition>2</focusposition>
                <movement>0</movement>
                <preloaditems>4</preloaditems>
                <scrolltime tween="sine" easing="out">300</scrolltime>
                <itemlayout height="553" width="384">
                    <control type="group">
                        <posy>153</posy>
                        <control type="image">
                            <posx>10</posx>
                            <posy>0</posy>
                            <width>364</width>
                            <height>364</height>
                            <aspectratio scalediffuse="false" aligny="bottom">keep</aspectratio>
                            <include>SquareThumb</include>
                            <include>ThumbBorder</include>
                        </control>
                        <control type="image">
                            <animation effect="rotate" start="0" end="180" center="192,356" reversible="false" condition="true">Conditional</animation>
                            <posx>10</posx>
                            <posy>0</posy>
                            <width>364</width>
                            <height>364</height>
                            <aspectratio scalediffuse="false" aligny="bottom">keep</aspectratio>
                            <texture flipx="true" background="true" diffuse="common/Thumb_Mask.png" fallback="defaultIconBig.png">$VAR[Thumbs]</texture>
                            <bordertexture diffuse="common/Thumb_Mask.png" border="27">common/JewelCase.png</bordertexture>
                            <bordersize>27</bordersize>
                        </control>
                    </control>
                </itemlayout>
                <focusedlayout height="553" width="384">
                    <!-- CDART MUSIC -->
                    <include content="DiscArt">
                        <param name="visible" value="!String.IsEmpty(ListItem.Thumb)+[Container.content(albums)|Container.content(songs)]"/>
                        <param name="x" value="37"/>
                        <param name="y" value="12"/>
                        <param name="width" value="310"/>
                        <param name="height" value="310"/>
                        <param name="texture" value="$VAR[MusicCdArt]"/>
                    </include>
                    <control type="group">
                        <posy>153</posy>
                        <control type="image">
                            <posx>10</posx>
                            <posy>0</posy>
                            <width>364</width>
                            <height>364</height>
                            <aspectratio scalediffuse="false" aligny="bottom">keep</aspectratio>
                            <include>SquareThumb</include>
                            <include>ThumbBorderOverlay</include>
                        </control>
                        <control type="image">
                            <animation effect="rotate" start="0" end="180" center="192,356" reversible="false" condition="true">Conditional</animation>
                            <posx>10</posx>
                            <posy>0</posy>
                            <width>364</width>
                            <height>364</height>
                            <aspectratio scalediffuse="false" aligny="bottom">keep</aspectratio>
                            <texture flipx="true" background="true" diffuse="common/Thumb_Mask.png" fallback="defaultIconBig.png">$VAR[Thumbs]</texture>
                            <include>ThumbBorderOverlayDiffused</include>
                        </control>
                    </control>
                </focusedlayout>
            </control>
            <control type="button">
                <posx>0</posx>
                <posy>186</posy>
                <width>770</width>
                <height>953</height>
                <texturefocus>-</texturefocus>
                <texturenofocus>-</texturenofocus>
                <onclick>Control.Move(58,-1)</onclick>
            </control>
            <control type="button">
                <posx>1160</posx>
                <posy>186</posy>
                <width>760</width>
                <height>953</height>
                <texturefocus>-</texturefocus>
                <texturenofocus>-</texturenofocus>
                <onclick>Control.Move(58,1)</onclick>
            </control>
            <control type="group">
                <visible>Skin.HasSetting(Music_Gallery)</visible>
                <visible allowhiddenfocus="true">Control.HasFocus(7000)|Control.hasfocus(6069)</visible>
                <include>Icon_Fade</include>
                <animation effect="slide" start="0,0" end="0,1800" time="0" reversible="true" condition="!Skin.HasSetting(Music_Gallery)">Conditional</animation>
                <control type="button" id="7000">
                    <posx>100</posx>
                    <posy>900</posy>
                    <width>1820</width>
                    <height>140</height>
                    <label>-</label>
                    <texturenofocus>-</texturenofocus>
                    <texturefocus>-</texturefocus>
                    <onup>58</onup>
                    <ondown>505050</ondown>
                    <onright condition="Skin.HasSetting(ManualScroll)">6069</onright>
                    <onright condition="!Skin.HasSetting(ManualScroll)">Control.Move(58,1)</onright>
                    <onclick>Control.SetFocus(58)</onclick>
                    <onleft>Control.Move(58,-1)</onleft>
                </control>
                <include content="ClearArtLogo">
                    <param name="x" value="345r"/>
                    <param name="y" value="429"/>
                    <param name="width" value="300"/>
                    <param name="height" value="235"/>
                    <param name="visible" value="true"/>
                    <param name="align" value="right"/>
                    <param name="aligny" value="bottom"/>
                </include>
                <include content="StudioArt">
                    <param name="x" value="440"/>
                    <param name="y" value="524"/>
                    <param name="width" value="150"/>
                    <param name="height" value="140"/>
                    <param name="visible" value="true"/>
                    <param name="align" value="left"/>
                    <param name="aligny" value="bottom"/>
                </include>
                <control type="group">
                    <posy>279</posy>
                    <control type="group">
                        <visible>!String.IsEqual(ListItem.Label,)+!ListItem.IsParentFolder</visible>
                        <control type="image">
                            <posx>152</posx>
                            <posy>399</posy>
                            <height>700</height>
                            <width>250</width>
                            <texture>list/bg_strip_horizontal_left.png</texture>
                            <colordiffuse>90ffffff</colordiffuse>
                        </control>
                        <control type="image">
                            <posx>403</posx>
                            <posy>399</posy>
                            <width>2</width>
                            <height>700</height>
                            <texture>list/bg_facade_vertical.png</texture>
                        </control>
                    </control>
                    <!-- CDART MUSIC -->
                    <include content="DiscArt">
                        <param name="visible" value="!String.IsEmpty(ListItem.Thumb)+[Container.content(albums)|Container.content(songs)]"/>
                        <param name="x" value="45"/>
                        <param name="y" value="264"/>
                        <param name="width" value="321"/>
                        <param name="height" value="321"/>
                        <param name="texture" value="$VAR[MusicCdArt]"/>
                    </include>
                    <control type="image">
                        <posx>18</posx>
                        <posy>411</posy>
                        <width>375</width>
                        <height>375</height>
                        <include>SquareThumb</include>
                        <include>ThumbBorder</include>
                    </control>
                </control>
                <control type="group">
                    <visible>!String.IsEqual(ListItem.Label,)+!ListItem.IsParentFolder+!Skin.HasSetting(plexbmc)+[container.content(albums) | container.content(artists)]</visible>
                    <posx>404</posx>
                    <posy>705</posy>
                    <control type="label">
                        <posx>TextMargin</posx>
                        <posy>-12</posy>
                        <width>1425</width>
                        <height>71</height>
                        <font>InfoTitleFont</font>
                        <textcolor>MainColor</textcolor>
                        <align>left</align>
                        <label>$INFO[ListItem.Label]</label>
                    </control>
                    <control type="image">
                        <posx>0</posx>
                        <posy>0</posy>
                        <width>1597</width>
                        <height>73</height>
                        <texture border="3">list/bg_facade_nofocus_top.png</texture>
                    </control>
                    <control type="image">
                        <posx>TextMargin</posx>
                        <posy>92</posy>
                        <include>Stars</include>
                    </control>
                    <control type="label">
                        <posx>100</posx>
                        <posy>73</posy>
                        <width>632</width>
                        <height>71</height>
                        <font>InfoDetailsFont</font>
                        <textcolor>AlternateColor</textcolor>
                        <label fallback="416">$INFO[ListItem.RatingAndVotes]</label>
                    </control>
                    <control type="image">
                        <posx>0</posx>
                        <posy>73</posy>
                        <width>1597</width>
                        <height>73</height>
                        <texture border="3">list/bg_facade_nofocus_top.png</texture>
                    </control>
                    <control type="label">
                        <posx>1470</posx>
                        <posy>73</posy>
                        <width>950</width>
                        <height>71</height>
                        <align>right</align>
                        <font>InfoDetailsFont</font>
                        <textcolor>AlternateColor</textcolor>
                        <label>$VAR[Details]</label>
                    </control>
                    <control type="textbox">
                        <posx>TextMargin</posx>
                        <posy>160</posy>
                        <width>1425</width>
                        <height>160</height>
                        <font>InfoPlotFont</font>
                        <textcolor>MainColor</textcolor>
                        <label>$VAR[Plots]</label>
                        <pagecontrol>6069</pagecontrol>
                    </control>
                    <control type="scrollbar" id="6069">
                        <animation effect="slide" start="0,0" end="-8,0" time="150">Focus</animation>
                        <animation effect="slide" start="-8,0" end="0,0" time="300">UnFocus</animation>
                        <visible>Skin.HasSetting(ManualScroll)</visible>
                        <posx>1493</posx>
                        <posy>160</posy>
                        <height>160</height>
                        <showonepage>true</showonepage>
                        <include>VerticalScroller</include>
                        <onleft>7000</onleft>
                        <onright>Control.Move(58,1)</onright>
                    </control>
                </control>
                <control type="group">
                    <visible>!String.IsEqual(ListItem.Label,)+!ListItem.IsParentFolder+Skin.HasSetting(plexbmc)+[container.content(albums) | container.content(artists)]</visible>
                    <posx>404</posx>
                    <posy>705</posy>
                    <control type="label">
                        <posx>TextMargin</posx>
                        <posy>-12</posy>
                        <width>1425</width>
                        <height>71</height>
                        <font>InfoTitleFont</font>
                        <textcolor>MainColor</textcolor>
                        <align>left</align>
                        <label>$INFO[ListItem.Label]</label>
                    </control>
                    <control type="image">
                        <posx>0</posx>
                        <posy>0</posy>
                        <width>1597</width>
                        <height>73</height>
                        <texture border="3">list/bg_facade_nofocus_top.png</texture>
                    </control>
                    <control type="textbox">
                        <posx>TextMargin</posx>
                        <posy>90</posy>
                        <width>1425</width>
                        <height>240</height>
                        <font>InfoPlotFont</font>
                        <textcolor>AlternateBrightColor</textcolor>
                        <label>$VAR[Plots]</label>
                        <pagecontrol>6069</pagecontrol>
                    </control>
                    <control type="scrollbar" id="6069">
                        <animation effect="slide" start="0,0" end="-8,0" time="150">Focus</animation>
                        <animation effect="slide" start="-8,0" end="0,0" time="300">UnFocus</animation>
                        <visible>Skin.HasSetting(ManualScroll)</visible>
                        <posx>1493</posx>
                        <posy>90</posy>
                        <height>240</height>
                        <showonepage>true</showonepage>
                        <include>VerticalScroller</include>
                        <onleft>7000</onleft>
                        <onright>Control.Move(58,1)</onright>
                    </control>
                </control>
                <control type="group">
                    <visible>!String.IsEqual(ListItem.Label,)+!ListItem.IsParentFolder+![container.content(albums) | container.content(artists)]</visible>
                    <posx>404</posx>
                    <posy>705</posy>
                    <control type="label">
                        <posx>TextMargin</posx>
                        <posy>-12</posy>
                        <width>1425</width>
                        <height>71</height>
                        <font>InfoTitleFont</font>
                        <textcolor>MainColor</textcolor>
                        <align>left</align>
                        <label>$INFO[ListItem.Label]</label>
                    </control>
                    <control type="image">
                        <posx>0</posx>
                        <posy>0</posy>
                        <width>1597</width>
                        <height>73</height>
                        <texture border="3">list/bg_facade_nofocus_top.png</texture>
                    </control>
                    <control type="label">
                        <posx>TextMargin</posx>
                        <posy>73</posy>
                        <width>1425</width>
                        <height>71</height>
                        <align>left</align>
                        <font>InfoDetailsFont</font>
                        <textcolor>AlternateColor</textcolor>
                        <label>$VAR[Details]</label>
                    </control>
                    <!-- <control type="image">
                        <posx>1440</posx>
                        <posy>73</posy>
                        <width>30</width>
                        <height>72</height>
                        <texture>$VAR[Overlay]</texture>
                        <aspectratio aligny="center">keep</aspectratio>
                    </control> -->
                    <control type="image">
                        <posx>0</posx>
                        <posy>73</posy>
                        <width>1597</width>
                        <height>73</height>
                        <texture border="3">list/bg_facade_nofocus_top.png</texture>
                    </control>
                    <control type="textbox">
                        <posx>TextMargin</posx>
                        <posy>160</posy>
                        <width>1425</width>
                        <height>160</height>
                        <font>InfoPlotFont</font>
                        <textcolor>MainColor</textcolor>
                        <label>$VAR[Plots]</label>
                        <pagecontrol>6069</pagecontrol>
                    </control>
                    <control type="scrollbar" id="6069">
                        <animation effect="slide" start="0,0" end="-8,0" time="150">Focus</animation>
                        <animation effect="slide" start="-8,0" end="0,0" time="300">UnFocus</animation>
                        <visible>Skin.HasSetting(ManualScroll)</visible>
                        <posx>1493</posx>
                        <posy>160</posy>
                        <height>160</height>
                        <showonepage>true</showonepage>
                        <include>VerticalScroller</include>
                        <onleft>7000</onleft>
                        <onright>Control.Move(58,1)</onright>
                    </control>
                </control>
            </control>
            <control type="scrollbar" id="60">
                <animation effect="slide" start="0,0" end="0,-8" time="150">Focus</animation>
                <animation effect="slide" start="0,-8" end="0,0" time="300">UnFocus</animation>
                <posx>20</posx>
                <posy>1059</posy>
                <width>1880</width>
                <include>HorizontalScroller</include>
                <onup>58</onup>
                <ondown>505050</ondown>
            </control>
        </control>
        <control type="group">
            <visible>Control.IsVisible(57)</visible>
            <include>Icon_Fade</include>
            <include>ScrollOffsetLabel_57</include>
            <control type="image">
                <include>Icon_Fade</include>
                <visible>[Control.hasfocus(7000)|Control.hasfocus(6069)]+!String.IsEqual(ListItem.Label,)+!ListItem.IsParentFolder</visible>
                <posx>-100</posx>
                <posy>629</posy>
                <width>2258</width>
                <height>900</height>
                <include condition="!Skin.HasSetting(BlackGlassMode)">bg_tvguide</include>
                <include condition="Skin.HasSetting(BlackGlassMode)">bg_tvguide_BG</include>
            </control>
            <control type="fixedlist" id="57">
                <visible>container.content(episodes)</visible>
                <animation effect="slide" easing="out" start="0,0" end="0,800" time="0" delay="0" center="120,350" reversible="true" condition="Control.HasFocus(7000)|Control.hasfocus(6069)">Conditional</animation>
                <posx>0</posx>
                <posy>386</posy>
                <width>1920</width>
                <height>753</height>
                <onleft>57</onleft>
                <onright>57</onright>
                <onup>9000</onup>
                <ondown condition="Skin.HasSetting(Episodes_Gallery)">7000</ondown>
                <ondown condition="!Skin.HasSetting(Episodes_Gallery)">60</ondown>
                <viewtype label="20445">Fanart</viewtype>
                <pagecontrol>60</pagecontrol>
                <orientation>horizontal</orientation>
                <focusposition>2</focusposition>
                <movement>0</movement>
                <preloaditems>4</preloaditems>
                <scrolltime tween="sine" easing="out">300</scrolltime>
                <itemlayout height="553" width="384">
                    <control type="group">
                        <posy>153</posy>
                        <control type="image">
                            <posx>5</posx>
                            <posy>0</posy>
                            <width>374</width>
                            <height>364</height>
                            <aspectratio scalediffuse="false" aligny="bottom">keep</aspectratio>
                            <include>EpisodeThumb</include>
                            <include>ThumbBorder</include>
                        </control>
                        <control type="image">
                            <animation effect="rotate" start="0" end="180" center="192,356" reversible="false" condition="true">Conditional</animation>
                            <posx>5</posx>
                            <posy>0</posy>
                            <width>374</width>
                            <height>364</height>
                            <aspectratio scalediffuse="false" aligny="bottom">keep</aspectratio>
                            <texture flipx="true" background="true" diffuse="common/Thumb_Mask.png" fallback="defaultIconBig.png">$VAR[Thumbs]</texture>
                            <bordertexture diffuse="common/Thumb_Mask.png" border="27">common/JewelCase.png</bordertexture>
                            <bordersize>27</bordersize>
                        </control>
                        <control type="image">
                            <posx>324</posx>
                            <posy>309</posy>
                            <width>28</width>
                            <height>28</height>
                            <texture>$VAR[Overlay]</texture>
                        </control>
                    </control>
                </itemlayout>
                <focusedlayout height="553" width="384">
                    <control type="group">
                        <posy>153</posy>
                        <control type="image">
                            <posx>5</posx>
                            <posy>0</posy>
                            <width>374</width>
                            <height>364</height>
                            <aspectratio scalediffuse="false" aligny="bottom">keep</aspectratio>
                            <include>SquareThumb</include>
                            <include>ThumbBorderOverlay</include>
                        </control>
                        <control type="image">
                            <animation effect="rotate" start="0" end="180" center="192,356" reversible="false" condition="true">Conditional</animation>
                            <posx>5</posx>
                            <posy>0</posy>
                            <width>374</width>
                            <height>364</height>
                            <aspectratio scalediffuse="false" aligny="bottom">keep</aspectratio>
                            <texture flipx="true" background="true" diffuse="common/Thumb_Mask.png" fallback="defaultIconBig.png">$VAR[Thumbs]</texture>
                            <include>ThumbBorderOverlayDiffused</include>
                        </control>
                        <control type="image">
                            <posx>324</posx>
                            <posy>309</posy>
                            <width>28</width>
                            <height>28</height>
                            <texture>$VAR[Overlay]</texture>
                        </control>
                    </control>
                </focusedlayout>
            </control>
            <control type="button">
                <posx>0</posx>
                <posy>186</posy>
                <width>770</width>
                <height>953</height>
                <texturefocus>-</texturefocus>
                <texturenofocus>-</texturenofocus>
                <onclick>Control.Move(57,-1)</onclick>
            </control>
            <control type="button">
                <posx>1160</posx>
                <posy>186</posy>
                <width>760</width>
                <height>953</height>
                <texturefocus>-</texturefocus>
                <texturenofocus>-</texturenofocus>
                <onclick>Control.Move(57,1)</onclick>
            </control>
            <control type="group">
                <visible>Skin.HasSetting(Episodes_Gallery)</visible>
                <visible allowhiddenfocus="true">Control.HasFocus(7000)|Control.hasfocus(6069)</visible>
                <include>Icon_Fade</include>
                <animation effect="slide" start="0,0" end="0,1800" time="0" reversible="true" condition="!Skin.HasSetting(Episodes_Gallery)">Conditional</animation>
                <control type="button" id="7000">
                    <posx>100</posx>
                    <posy>900</posy>
                    <width>1820</width>
                    <height>140</height>
                    <label>-</label>
                    <texturenofocus>-</texturenofocus>
                    <texturefocus>-</texturefocus>
                    <onup>58</onup>
                    <ondown>505050</ondown>
                    <onright condition="Skin.HasSetting(ManualScroll)">6069</onright>
                    <onright condition="!Skin.HasSetting(ManualScroll)">Control.Move(57,1)</onright>
                    <onclick>Control.SetFocus(57)</onclick>
                    <onleft>Control.Move(57,-1)</onleft>
                </control>
                <include content="ClearArtLogo">
                    <param name="x" value="345r"/>
                    <param name="y" value="429"/>
                    <param name="width" value="300"/>
                    <param name="height" value="235"/>
                    <param name="visible" value="true"/>
                    <param name="align" value="right"/>
                    <param name="aligny" value="bottom"/>
                </include>
                <include content="StudioArt">
                    <param name="x" value="680"/>
                    <param name="y" value="524"/>
                    <param name="width" value="150"/>
                    <param name="height" value="140"/>
                    <param name="visible" value="true"/>
                    <param name="align" value="left"/>
                    <param name="aligny" value="bottom"/>
                </include>
                <control type="group">
                    <posy>279</posy>
                    <control type="group">
                        <visible>!String.IsEqual(ListItem.Title,)+!ListItem.IsParentFolder</visible>
                        <control type="image">
                            <posx>395</posx>
                            <posy>399</posy>
                            <height>700</height>
                            <width>250</width>
                            <texture>list/bg_strip_horizontal_left.png</texture>
                            <colordiffuse>90ffffff</colordiffuse>
                        </control>
                        <control type="image">
                            <posx>646</posx>
                            <posy>399</posy>
                            <width>2</width>
                            <height>700</height>
                            <texture>list/bg_facade_vertical.png</texture>
                        </control>
                    </control>
                    <control type="image">
                        <posx>18</posx>
                        <posy>411</posy>
                        <width>624</width>
                        <height>375</height>
                        <include>PosterThumb</include>
                        <include>ThumbBorder</include>
                    </control>
                    <control type="image">
                        <posx>584</posx>
                        <posy>728</posy>
                        <width>28</width>
                        <height>28</height>
                        <texture>$VAR[Overlay]</texture>
                    </control>
                </control>
                <control type="group">
                    <visible>!String.IsEqual(ListItem.Title,)+!ListItem.IsParentFolder</visible>
                    <posx>647</posx>
                    <posy>705</posy>
                    <control type="label">
                        <posx>TextMargin</posx>
                        <posy>-12</posy>
                        <width>1180</width>
                        <height>71</height>
                        <font>InfoTitleFont</font>
                        <textcolor>MainColor</textcolor>
                        <align>left</align>
                        <label>$INFO[ListItem.Title]</label>
                    </control>
                    <control type="image">
                        <posx>0</posx>
                        <posy>0</posy>
                        <width>1597</width>
                        <height>73</height>
                        <texture border="3">list/bg_facade_nofocus_top.png</texture>
                    </control>
                    <control type="image">
                        <posx>TextMargin</posx>
                        <posy>92</posy>
                        <include>Stars</include>
                    </control>
                    <control type="label">
                        <posx>100</posx>
                        <posy>73</posy>
                        <width>632</width>
                        <height>71</height>
                        <font>InfoDetailsFont</font>
                        <textcolor>AlternateColor</textcolor>
                        <label fallback="416">$INFO[ListItem.RatingAndVotes]</label>
                    </control>
                    <control type="image">
                        <posx>0</posx>
                        <posy>73</posy>
                        <width>1597</width>
                        <height>73</height>
                        <texture border="3">list/bg_facade_nofocus_top.png</texture>
                    </control>
                    <control type="label">
                        <posx>1226</posx>
                        <posy>73</posy>
                        <width>930</width>
                        <height>71</height>
                        <align>right</align>
                        <font>InfoDetailsFont</font>
                        <textcolor>AlternateColor</textcolor>
                        <label>$VAR[Details]</label>
                    </control>
                    <control type="textbox">
                        <posx>TextMargin</posx>
                        <posy>160</posy>
                        <width>1180</width>
                        <height>160</height>
                        <font>InfoPlotFont</font>
                        <textcolor>MainColor</textcolor>
                        <label>$VAR[Plots]</label>
                        <pagecontrol>6069</pagecontrol>
                    </control>
                    <control type="scrollbar" id="6069">
                        <animation effect="slide" start="0,0" end="-8,0" time="150">Focus</animation>
                        <animation effect="slide" start="-8,0" end="0,0" time="300">UnFocus</animation>
                        <visible>Skin.HasSetting(ManualScroll)</visible>
                        <posx>1248</posx>
                        <posy>160</posy>
                        <height>160</height>
                        <showonepage>true</showonepage>
                        <include>VerticalScroller</include>
                        <onleft>7000</onleft>
                        <onright>Control.Move(57,1)</onright>
                    </control>
                </control>
            </control>
            <control type="scrollbar" id="60">
                <animation effect="slide" start="0,0" end="0,-8" time="150">Focus</animation>
                <animation effect="slide" start="0,-8" end="0,0" time="300">UnFocus</animation>
                <posx>20</posx>
                <posy>1059</posy>
                <width>1880</width>
                <include>HorizontalScroller</include>
                <onup>57</onup>
                <ondown>505050</ondown>
            </control>
        </control>
    </include>
</includes>
