<?xml version="1.0" encoding="utf-8"?>
<includes>
    <include name="ScrollOffsetLabel_56_BG">
        <control type="group">
            <left>755</left>
            <top>55</top>
            <include>ScrollOffsetLabel</include>
        </control>
    </include>
    <include name="Info_56_BannerList_BG">
        <control type="group">
            <visible>Control.IsVisible(56)+
                [
                !String.IsEmpty(ListItem.Property(Artist_Description))|
                !String.IsEmpty(ListItem.AddonDescription)|
                !String.IsEmpty(ListItem.Property(Album_Description))|
                !String.IsEmpty(ListItem.Plot)
                ]
                +!Container.Content(songs)</visible>
            <include>Icon_Fade</include>
            <posy>37</posy>
            <control type="image">
                <posx>18</posx>
                <posy>110</posy>
                <width>704</width>
                <height>178</height>
                <aspectratio align="left" aligny="top">stretch</aspectratio>
                <texture background="true" fallback="common/BlackDotT.png">$VAR[Banner]</texture>
                <include>ThumbBorder</include>
            </control>
            <control type="group">
                <posx>0</posx>
                <posy>-220</posy>
                <control type="group">
                    <posy>425</posy>
                    <visible>!Container.Content(Addons)</visible>
                    <control type="image">
                        <posx>TextMargin</posx>
                        <posy>92</posy>
                        <include>Stars</include>
                    </control>
                    <control type="label">
                        <posx>100</posx>
                        <posy>73</posy>
                        <width>460</width>
                        <height>71</height>
                        <font>InfoDetailsFont</font>
                        <textcolor>AlternateColor</textcolor>
                        <label fallback="416">$INFO[ListItem.RatingAndVotes]</label>
                    </control>
                </control>
                <control type="group">
                    <posy>425</posy>
                    <visible>Container.Content(Addons)</visible>
                    <control type="label">
                        <posx>TextMargin</posx>
                        <posy>73</posy>
                        <width>631</width>
                        <height>71</height>
                        <font>InfoDetailsFont</font>
                        <textcolor>MainColor</textcolor>
                        <label>$INFO[ListItem.AddonVersion,$LOCALIZE[24051] ]$INFO[ListItem.AddonSize,  •  $LOCALIZE[21802]: ]</label>
                    </control>
                </control>
                <control type="label">
                    <posx>TextMargin</posx>
                    <posy>555</posy>
                    <width>630</width>
                    <height>71</height>
                    <font>InfoDetailsFont</font>
                    <textcolor>AlternateColor</textcolor>
                    <label>$VAR[Details]</label>
                </control>
                <control type="textbox">
                    <visible>![Container.Content(movies)|Container.Content(episodes)|Container.Content(musicvideos)]</visible>
                    <posx>TextMargin</posx>
                    <posy>625</posy>
                    <width>635</width>
                    <height>600</height>
                    <font>InfoPlotFont</font>
                    <textcolor>MainColor</textcolor>
                    <label>$VAR[Plots]</label>
                    <pagecontrol>6066</pagecontrol>
                </control>
                <control type="scrollbar" id="6066">
                    <visible>![Container.Content(movies)|Container.Content(episodes)|Container.Content(musicvideos)]+Skin.HasSetting(ManualScroll)</visible>
                    <posx>680</posx>
                    <posy>625</posy>
                    <height>600</height>
                    <include>VerticalScroller</include>
                    <onleft>9000</onleft>
                    <onright>50</onright>
                </control>
                <control type="group">
                    <posy>735</posy>
                    <visible>[Container.Content(movies)|Container.Content(episodes)|Container.Content(musicvideos)]</visible>
                    <control type="textbox">
                        <posx>TextMargin</posx>
                        <posy>-100</posy>
                        <width>635</width>
                        <height>480</height>
                        <font>InfoPlotFont</font>
                        <textcolor>MainColor</textcolor>
                        <label>$VAR[Plots]</label>
                        <pagecontrol>6066</pagecontrol>
                    </control>
                    <control type="scrollbar" id="6066">
                        <visible>Skin.HasSetting(ManualScroll)</visible>
                        <posx>680</posx>
                        <posy>-100</posy>
                        <height>480</height>
                        <include>VerticalScroller</include>
                        <onleft>9000</onleft>
                        <onright>50</onright>
                    </control>
                    <control type="grouplist">
                        <posx>35</posx>
                        <posy>426</posy>
                        <width min="90" max="967">auto</width>
                        <height>90</height>
                        <itemgap>-8</itemgap>
                        <orientation>horizontal</orientation>
                        <align>left</align>
                        <aligny>center</aligny>
                        <include>CodecsView</include>
                    </control>
                </control>
            </control>
        </control>
    </include>
    <include name="View_56_BannerList_BG">
        <control type="group">
            <visible>Control.IsVisible(56)</visible>
            <include>Icon_Fade</include>
            <include>ScrollOffsetLabel_56_BG</include>
            <include content="ClearArtLogo">
                <param name="x" value="875"/>
                <param name="y" value="10"/>
                <param name="width" value="300"/>
                <param name="height" value="149"/>
                <param name="visible" value="true"/>
                <param name="align" value="left"/>
                <param name="aligny" value="bottom"/>
            </include>
            <include content="StudioArt">
                <param name="x" value="1175"/>
                <param name="y" value="20"/>
                <param name="width" value="300"/>
                <param name="height" value="140"/>
                <param name="visible" value="true"/>
                <param name="align" value="left"/>
                <param name="aligny" value="bottom"/>
            </include>
            <control type="group">
                <control type="image">
                    <posx>704</posx>
                    <posy>125</posy>
                    <width>1445</width>
                    <height>1160</height>
                    <include condition="!Skin.HasSetting(BlackGlassMode)">bg_tvguide</include>
                    <include condition="Skin.HasSetting(BlackGlassMode)">bg_tvguide_BG</include>
                </control>
                <control type="image">
                    <posx>740</posx>
                    <posy>134</posy>
                    <width>1180</width>
                    <height>73</height>
                    <texture border="3">list/bg_facade_nofocus_top.png</texture>
                </control>
                <control type="image">
                    <visible>!Integer.IsGreater(Container(56).NumItems,10)</visible>
                    <posx>740</posx>
                    <posy>937</posy>
                    <width>1180</width>
                    <height>73</height>
                    <texture border="3">list/bg_facade_nofocus_top.png</texture>
                </control>
                <control type="list" id="56">
                    <visible>Container.Content(TVShows)|Container.Content(movies)</visible>
                    <viewtype label="31094">Banner List</viewtype>
                    <posx>740</posx>
                    <posy>207</posy>
                    <width>1180</width>
                    <height>803</height>
                    <pagecontrol>60</pagecontrol>
                    <onleft>6066</onleft>
                    <onright>60</onright>
                    <onup>56</onup>
                    <ondown>56</ondown>
                    <preloaditems>4</preloaditems>
                    <include>List_Layout_BG</include>
                </control>
            </control>
            <control type="label">
                <include>FacadeNumItems</include>
                <label>$INFO[Container.NumItems] $LOCALIZE[31025]</label>
            </control>
            <control type="scrollbar" id="60">
                <animation effect="slide" start="0,0" end="-8,0" time="150">Focus</animation>
                <animation effect="slide" start="-8,0" end="0,0" time="300">UnFocus</animation>
                <posx>1899</posx>
                <posy>207</posy>
                <height>803</height>
                <include>VerticalScroller</include>
                <onleft>56</onleft>
                <onright>505050</onright>
            </control>
        </control>
    </include>
    <include name="DetatchedThumb_56_BG">
        <control type="group">
            <visible>Control.IsVisible(56)</visible>
            <include>Icon_Fade</include>
            <posy>37</posy>
            <!-- CDART MUSIC -->
            <include content="DiscArt">
                <param name="visible" value="!String.IsEmpty(ListItem.Thumb)+[Container.content(albums)|Container.content(songs)]"/>
                <param name="x" value="320"/>
                <param name="y" value="187"/>
                <param name="width" value="364"/>
                <param name="height" value="364"/>
                <param name="texture" value="$VAR[MusicCdArt]"/>
            </include>
            <!-- CDART VIDEO -->
            <include content="DiscArt">
                <param name="visible" value="!String.IsEmpty(ListItem.Thumb)+[Container.content(movies)|Container.content(MusicVideos)|Window.IsVisible(MyPlaylist.xml)]"/>
                <param name="x" value="138"/>
                <param name="y" value="137"/>
                <param name="width" value="464"/>
                <param name="height" value="464"/>
                <param name="texture" value="$VAR[VideoCdArt]"/>
            </include>
            <control type="image">
                <posx>18</posx>
                <posy>110</posy>
                <width>704</width>
                <height>518</height>
                <include>DetatchedThumb</include>
            </control>
        </control>
    </include>
</includes>
