<?xml version="1.0" encoding="UTF-8" standalone="yes"?>
<addon id="plugin.video.now_music" name="[COLOR blue]Now[/COLOR] [COLOR red]Music[/COLOR][COLOR blue] Ca[/COLOR][COLOR yellow]to[/COLOR][COLOR red]al[/COLOR]"	version="5.3.6"	provider-name="Catoal"> 
  <requires>
    <import addon="xbmc.python" version="2.1.0"/>
    <import addon="script.module.addon.common" version="2.0.0"/>
    <import addon="plugin.video.youtube" version="5.0.0"/>
  </requires>
  <extension point="xbmc.python.pluginsource" library="pulse.py">
    <provides>audio</provides>
  </extension>
  <extension point="xbmc.addon.metadata">
    <summary lang="en">Now Thats What I Call Music Collection</summary>
    <description lang="en"></description>
    <disclaimer lang="en"></disclaimer>
    <platform>all</platform>
    <forum>n/a</forum>
    <website>n/a</website>
  </extension>
</addon>